Address,EA Location,Manufacturer,Model,Serial Number,ID,B/W,Color,Total,IP,Net/Local,Notes,Building,Floor,Room,,,,,,
713 Harbor Bend Rd,718 Harbor Bend Rd,HP,E52645DN,MXBCS4P04T,MPS08469,1423,,1423,10.200.102.56,Networked,,,,,,,,,,
3109 Walnut Grove,,HP,LJ M402n,PHBHF82971,,,,,N/A,Local,*Not in EA,,,,,,,,,
3109 Walnut Grove,877 Jeferson Ave,HP,LJ M402,PHBHM41164,EQ47771,52399,,52399,10.202.2.14,Networked,*Needs ID,,,,,,,,,
890 Madison,877 Jeferson Ave,HP,LJ M527,MXNCL9R0S7,MPS07652,212022,,212022,10.215.50.172,Networked,,Turner,4th,Extended Care Nurse Station A,,,,,,
890 Madison,877 Jeferson Ave,HP,LJ M521,CNDKLDN30H,MPS07327,76795,,76795,10.215.50.202,Networked,,Turner,4th,Extended Care Nurse Station B,,,,,,
890 Madison,877 Jeferson Ave,HP,LJ M454,VNB3D48758,MPS07811,2159,4811,6970,10.215.50.11,Networked,,Turner,4th,Extended Care CEO,,,,,,
890 Madison,877 Jeferson Ave,KMBS,C300i,AA2J013018345,MEM08571,1901,11654,13555,10.215.50.61,Networked,,Turner,4th,Extended Care Dictation,,,,,,
,877 Jeferson Ave,HP,LJM283fdw,VNBRR3W15R,MPS07806,,,,10.213.82.10,Networked,,Chandler,7th,Point of Care Office,,,,,,
,877 Jeferson Ave,KMBS,B300i,AC78013006812,MEM08564,16532,,16532,10.213.82.81,Networked,,Chandler,7th,Core Lab,,,,,,
,877 Jeferson Ave,LEXMARK,LEX CS410,50271094650H9,MEMP01187,19834,39811,59645,N/A,Local,,Chandler,7th,Core Lab,,,,,,
,877 Jeferson Ave,HP,LJ4001,PHBCQ04507,MPS13572,7988,,7988,162.132.241.35,Networked,*Likely Not on Network,Chandler,7th,Core Lab,,,,,,
,877 Jeferson Ave,HP,LJ M401,PHGDB70817,MPS08003,26179,,26179,10.213.82.11,Networked,,Chandler,7th,Core Lab,,,,,,
,877 Jeferson Ave,XEROX,B210,HAQ718477,MPS07738,9294,,9294,N/A,Local,,Chandler,7th,Core Lab,,,,,,
,877 Jeferson Ave,XEROX,B210,HAQ719998,MPS07737,10222,,10222,N/A,Local,,Chandler,7th,Core Lab,,,,,,
,877 Jeferson Ave,LEXMARK,MX310dn,451420LM05XMR,MEMP01181,,,,N/A,Local,,Chandler,7th,Core Lab,,,,,,
,877 Jeferson Ave,HP,LJ M527,MXNCL8Q0XY,MPS07461,54486,,54486,10.213.82.74,Networked,,Chandler,7th,Lab Admin,,,,,,
,877 Jeferson Ave,HP,LJP2055DN,CNB1803531,MPS07330,74843,,74843,10.213.74.243,Networked,,Chandler,5th,,,,,,,
,877 Jeferson Ave,KMBS,B308E,AA6W011003643,MEM03333,90638,,90638,10.213.74.51,Networked,,Chandler,5th,,,,,,,
,,HP,M402n,PHBHG14330,MEMP01860,8963,,8963,10.213.50.12,Networked,*Not in EA,Chandler,2nd,Medical Imaging Manager,,,,,,
,877 Jeferson Ave,HP,LJ 3015,VNB3S34998,MPS07195,49293,,49293,10.213.50.110,Networked,,Chandler,2nd,Cath Lab,,,,,,
,877 Jeferson Ave,HP,LJ M402,PHBHG14191,MEMP01105,24351,,24351,N/A,Local,,Chandler,2nd,Cath Lab,,,,,,
,,HP,M204n,PHBHF92935,MEMP01230,762,,762,N/A,Local,*Not in EA,Chandler,2nd,Interface,,,,,,
,877 Jeferson Ave,BROTHER,MFC-7360N,U62700M2N944217,MPS07198,,,,10.213.50.113,Networked,,Chandler,2nd,Physicians Lounge,,,,,,
877 Jeferson Ave,877 Jeferson Ave,HP,LJM283fdw,VNBRR1F15G,MPS08368,5843,,5843,10.211.82.18,Networked,,Adams,4th,A442,,,,,,
877 Jeferson Ave,877 Jeferson Ave,KMBS,B450i,AC76017007087,MEM08524,1571,,1571,10.211.82.14,Networked,,Adams,4th,A438,,,,,,
877 Jeferson Ave,877 Jeferson Ave,HP,LJ M521,CNB7GCCLVL,MPS07202,10592,,10592,10.211.82.57,Networked,*Scanner Error,Adams,4th,A431,,,,,,
877 Jeferson Ave,877 Jeferson Ave,HP,M254dw,VNB3H15389,MPS07320,,,,10.211.106.13,Networked,*No Power in Room,Adams,5th,Network Hallway Room #2,,,,,,
877 Jeferson Ave,877 Jeferson Ave,HP,LJ M404,PHBBK01463,MPS08198,2224,,2224,10.211.106.15,Networked,,Adams,5th,Network Hallway Room A-560,,,,,,
877 Jeferson Ave,877 Jeferson Ave,HP,LJ M402,PHBHG14332,MPS04777,1852,,1852,10.211.98.11,Networked,,Adams,5th,Network Hallway Room A-557,,,,,,
877 Jeferson Ave,877 Jeferson Ave,HP,LJ M401,PHGDC07611,MPS04781,9651,,9651,10.211.106.10,Networked,,Adams,5th,Network Hallway Room #4,,,,,,
877 Jeferson Ave,,HP,M401n,VND3606768,MPS08597,5705,,5705,N/A,Local,*Not in EA,Adams,5th,Network Hallway Room #7,,,,,,
877 Jeferson Ave,877 Jeferson Ave,HP,LJ M401,VNG4S12201,MEMP00172,14633,,14633,N/A,Local,,Adams,5th,A556,,,,,,
877 Jeferson Ave,,HP,M601,CNCCF5210N,MPS04784,159835,,159835,10.200.118.44,Networked,*Not in EA,Adams,5th,A554,,,,,,
877 Jeferson Ave,877 Jeferson Ave,HP,LJ M521,CNB7J7N4BF,MPS07100,203851,,203851,10.211.106.12,Networked,,Adams,5th,A576,,,,,,
877 Jeferson Ave,877 Jeferson Ave,HP,LJ M452,VNB3B10844,MEMP00163,45700,,45700,N/A,Local,,Adams,5th,A580,,,,,,
877 Jeferson Ave,877 Jeferson Ave,HP,LJ M454,VNB3L42303,MPS08246,2765,,2765,,,*SN Doesn't Match ID (MPS08214),Adams,5th,A579,,,,,,
877 Jeferson Ave,877 Jeferson Ave,HP,LJ M401,PHGDC07602,MPS07246,175567,,175567,10.211.106.14,Networked,,Adams,5th,A581,,,,,,
877 Jeferson Ave,877 Jeferson Ave,HP,LJ M527,MXNCL9N05J,MPS07550,46283,,46283,10.211.98.54,Networked,,Adams,5th,A582,,,,,,
877 Jeferson Ave,877 Jeferson Ave,HP,LJ M401,PHGDG73233,MEMP00185,6827,8363,15190,N/A,Local,,Adams,5th,A586,,,,,,
877 Jeferson Ave,877 Jeferson Ave,HP,LJ M452,CNB7H56D2M,MEMP00167,13615,,13615,N/A,Local,,Adams,5th,A588,,,,,,
877 Jeferson Ave,877 Jeferson Ave,HP,LJ M401,PHGDG52931,MEMP00166,4245,,4245,N/A,Local,,Adams,5th,A587,,,,,,
877 Jeferson Ave,877 Jeferson Ave,HP,LJ M402,PHBHG14317,MEMP00168,10686,,10686,N/A,Local,,Adams,5th,A589,,,,,,
877 Jeferson Ave,877 Jeferson Ave,HP,LJ M401,VNG4S13289,MEMP00164,23774,,23774,N/A,Local,*Shares a Room # with MEMP00167,Adams,5th,A588,,,,,,
877 Jeferson Ave,877 Jeferson Ave,HP,LJ M402,PHBHH01819,MPS04783,9254,,9254,N/A,Local,,Adams,5th,A522,,,,,,
877 Jeferson Ave,877 Jeferson Ave,HP,OJ8710,JPCCL8D0MY,MPS07739,43973,,43973,10.211.98.15,Networked,,Adams,5th,Resident Workroom,,,,,,
877 Jeferson Ave,877 Jeferson Ave,BROTHER,MFC-7360N,U62700C3N322072,MEMP00171,,,,N/A,Local,,Adams,5th,Admin Cordinator,,,,,,
877 Jeferson Ave,,HP,M553,JPCCL891BV,MPS08130,105255,,105255,172.21.93.151,Networked,*Not in EA,Adams,5th,Thacket Medical Library,,,,,,
877 Jeferson Ave,877 Jeferson Ave,HP,LJ M452,VNB3B10835,MEMP00173,40508,,40508,10.211.106.11,Networked,,Adams,5th,UTROP Admin Project Coordinator,,,,,,
877 Jeferson Ave,877 Jeferson Ave,HP,LJ M402,PHBHG14342,MEMP01017,16604,,16604,N/A,Local,,Adams,5th,A545,,,,,,
877 Jeferson Ave,,HP,M479fdw,CNCRQ2V4PT,MPS08598,63011,,63011,,,*Not in EA,Adams,5th,Strollerman Computer Lab,,,,,,
877 Jeferson Ave,877 Jeferson Ave,HP,E42540f,CNBRQ1Q5FH,MPS08308,6888,,6888,N/A,Local,,Adams,5th,A504,,,,,,
877 Jeferson Ave,877 Jeferson Ave,HP,LJ M521,CNB7F3J512,MPS04786,29449,,29449,10.211.98.208,Networked,,Adams,5th,A503,,,,,,
877 Jeferson Ave,,HP,M553,JPCCM400GP,MPS08599,2601,,2601,N/A,Local,*Not in EA,Adams,5th,A506,,,,,,
877 Jeferson Ave,877 Jeferson Ave,HP,E47528f,CNCRR1G2ZV,MPS08366,804,386,1190,N/A,Local,,Adams,5th,A505,,,,,,
877 Jeferson Ave,877 Jeferson Ave,HP,LJ M527,MXNCL9N063,MPS07549,37006,,37006,10.211.98.50,Networked,,Adams,5th,A507,,,,,,
877 Jeferson Ave,877 Jeferson Ave,HP,LJ M451,CNDF266771,MPS04788,35130,,35130,10.211.98.44,Networked,,Adams,5th,A514,,,,,,
877 Jeferson Ave,877 Jeferson Ave,HP,LJ M451,CNDF246539,MPS07314,27398,,27398,10.211.98.203,Networked,,Adams,5th,A509,,,,,,
877 Jeferson Ave,877 Jeferson Ave,HP,LJ M401,PHGDC55609,MEMP00176,15926,,15926,N/A,Local,,Adams,5th,A516,,,,,,
877 Jeferson Ave,877 Jeferson Ave,HP,LJ M527,MXNCL9N06C,MPS07552,32123,,32123,10.211.114.15,Networked,,Adams,5th,IT Services Room #8,,,,,,
877 Jeferson Ave,877 Jeferson Ave,BROTHER,MFC-7360N,U62700F2N974976,MEMP01023,,,,10.211.114.17,Networked,,Adams,5th,IT Services Room #9,,,,,,
877 Jeferson Ave,877 Jeferson Ave,BROTHER,MFC-L9570cdw,U64647L1F761713,MPS08354,,,,10.211.114.10,Networked,,Adams,5th,IT Services Room #9,,,,,,
877 Jeferson Ave,877 Jeferson Ave,HP,LJ M452,JPBDQ15615,MPS07379,10429,,10429,10.211.120.14,Networked,,Adams,5th,IT Services Room #A664,,,,,,
Jefferson,,Copystar,CS 3500i,ROH # 14016142,N/A,,,,N/A,,*Not Conected/No Power,Jefferson,Ground,Trauma X-Ray - Breakroom,,,,,,
Jefferson,877 Jeferson Ave,HP,LJ M401,PHGDC07295,MEMP01103,47284,,47284,10.212.26.20,Networked,,Jefferson,Ground,Trauma X-Ray,,,,,,
Jefferson,877 Jeferson Ave,HP,E42540f,CNBRR9T7N0,MPS08450,729,,729,N/A,Local,,Jefferson,Ground,Trauma OR Mgr.,,,,,,
Jefferson,877 Jeferson Ave,HP,LJ M521,CNB7F3J58D,MPS07145,353735,,353735,10.212.34.12,Networked,,Jefferson,Ground,Trauma OR - Nurses Station,,,,,,
Jefferson,877 Jeferson Ave,KMBS,B450i,AC76017007013,MEM08544,28668,,28668,10.212.26.19,Networked,,Jefferson,Ground,TICU LOW - Nurses Station,,,,,,
Jefferson,877 Jeferson Ave,HP,LJ M281,VNBNM8R21C,MEMP01842,6169,,6169,N/A,Local,,Jefferson,Ground,IT Manager Office,,,,,,
Jefferson,877 Jeferson Ave,KMBS,B300i,AC78013005620,MEM08539,2478,,2478,10.212.34.11,Networked,,Jefferson,Ground,Nurses Station,,,,,,
Jefferson,877 Jeferson Ave,HP,LJ M521,CNB7GCCLTJ,MPS07065,30079,,30079,10.212.82.82,Networked,,Jefferson,4th,D473,,,,,,
Jefferson,877 Jeferson Ave,HP,LJ M401,PHGDC07613,MPS07066,144263,,144263,10.212.82.162,Networked,,Jefferson,4th,D423 - PCC Office,,,,,,
Jefferson,877 Jeferson Ave,HP,LJ M401,VNG4S12204,MEMP01034,2748,,2748,10.212.82.210,Networked,,Jefferson,4th,D421,,,,,,
Jefferson,877 Jeferson Ave,HP,LJ M401,VND3606773,MPS07069,28795,,28795,10.212.82.167,Networked,,Jefferson,4th,D426 - Pharmacy,,,,,,
Jefferson,877 Jeferson Ave,KMBS,B450i,AC76017007180,MEM08523,35222,,35222,10.212.50.44,Networked,,Jefferson,4th,4D High - Nurses Station,,,,,,
Jefferson,877 Jeferson Ave,HP,LJ4250N,CNRXX42753,MEMP01837,68114,,68114,10.212.82.11,Networked,,Jefferson,4th,4D Low - Nurses Station,,,,,,
Jefferson,877 Jeferson Ave,HP,LJM283fdw,VNBRR146L0,MPS08365,6957,,6957,10.212.114.13,Networked,,Jefferson,4th,PCC Office - 4C,,,,,,
Jefferson,877 Jeferson Ave,HP,LJ M401,VNG4S13313,MEMP01231,124116,,124116,10.217.26.10,Networked,"*ID Doesn't match SN in EA, MPS07106 in EA",Jefferson,4th,PCC Office - 4C Low,,,,,,
Jefferson,877 Jeferson Ave,HP,LJ4001,PHLHS00448,MPS08619,11531,,11531,10.212.114.14,Networked,"*ID Doesn't match SN in EA, MPS07807 in EA",Jefferson,4th,PCC Manager Office,,,,,,
Jefferson,877 Jeferson Ave,KMBS,B300i,AC78013006824,MEM08562,13569,,13569,10.212.114.90,Networked,,Jefferson,4th,4C Low - Murses Station/Copy Room,,,,,,
Jefferson,877 Jeferson Ave,HP,LJ M604,CNBCH38023,MPS07064,32088,,32088,10.212.114.11,Networked,,Jefferson,4th,C451F,,,,,,
Jefferson,877 Jeferson Ave,HP,X57945DN,MXBCS4P1RS,MPS08491,2128,1377,3505,10.212.50.10,Networked,,Jefferson,4th,C451 - Respitory Department,,,,,,
Jefferson,877 Jeferson Ave,KMBS,C654E,A2X1017018163,MEM01033,,,,N/A,Local,*Attatched paperwork is a Brother U62700H2N406422,Jefferson,4th,C449,,,,,,
Jefferson,877 Jeferson Ave,KMBS,B300i,AC78013006836,MEM08561,16539,,16539,10.212.58.212,Networked,,Jefferson,4th,4B High - Nurses Station,,,,,,
Jefferson,877 Jeferson Ave,KMBS,B450i,AC76017007098,MEM08520,22436,,22436,10.212.58.85,Networked,,Jefferson,4th,4B Low - Nurses Station,,,,,,
Jefferson,,HP,LJ P2055dn,VNB3R51245,MPS08618,3785,,3785,N/A,Local,*Not in EA,Jefferson,4th,4B Low - Acute Care - PCC Office,,,,,,
Jefferson,877 Jeferson Ave,HP,LJ M521,CNDKN416SX,MPS07779,86588,,86588,10.212.58.217,Networked,,Jefferson,4th,B430 - Case Management,,,,,,
Jefferson,877 Jeferson Ave,HP,LJ P4014,CNDX253710,MEMP01038,,,,10.212.56.18,Networked,*EQ61172 in EA,Jefferson,4th,4B Low - Acute Care Manager - B429,,,,,,
Jefferson,877 Jeferson Ave,KMBS,B308E,AA6W011003596,MEM03211,80159,,80159,10.212.42.12,Networked,,Jefferson,5th,5D Low - Nurses Station,,,,,,
Jefferson,877 Jeferson Ave,HP,LJ M402,PHBHJ93364,MPS07230,,,,N/A,Local,,Jefferson,5th,D529,,,,,,
Jefferson,877 Jeferson Ave,KMBS,B300i,AC78013005607,MEM08538,28331,,28331,10.212.66.243,Networked,,Jefferson,5th,5D High - Nurses Station,,,,,,
Jefferson,877 Jeferson Ave,HP,3101fdw,VND3F05082,MPS13575,144355,,144355,N/A,Local,,Jefferson,5th,5D High - Discharge Room,,,,,,
Jefferson,877 Jeferson Ave,HP,E52645DN,MXBCS3P0XW,MPS08478,541,,541,10.212.66.10,Networked,,Jefferson,5th,Physical Therapy office,,,,,,
Jefferson,,HP,Pro MFP 3101FDW,VND3F03400,MPS08617,409,,409,N/A,Local,,Jefferson,5th,D541 - Patient Call Manager,,,,,,
Jefferson,877 Jeferson Ave,HP,3101fdw,VND3F03613,MPS13576,,,,10.212.66.13,Networked,,Jefferson,5th,Patient Access Services - Supervisor,,,,,,
Jefferson,877 Jeferson Ave,KMBS,B300i,AC78013005589,MEM08580,24113,,24113,10.212.42.218,Networked,,Jefferson,5th,5C Low - Nurses Station,,,,,,
Jefferson,,XEROX,Phaser 3610,A4T533678,MPS08616,356,,356,10.212.42.13,Networked,*Not in EA,Jefferson,5th,5C High - Office,,,,,,
Jefferson,877 Jeferson Ave,KMBS,B300i,AC78013006839,MEM08592,16556,,16556,10.212.42.238,Networked,,Jefferson,5th,5C High - Unit Printer,,,,,,
Jefferson,877 Jeferson Ave,HP,LJ M401,VNG4S13312,MEMP01035,,,,N/A,Local,,Jefferson,5th,Case Management,,,,,,
Jefferson,877 Jeferson Ave,BROTHER,MFC-L6900dw,U64209A1N582964,MEM06881,200561,,200561,N/A,Local,,Jefferson,5th,Case Management,,,,,,
Jefferson,,HP,LJ 2420,CNGJB82838,MPS08615,48462,,48462,None,None,*Not in EA,Jefferson,5th,B571,,,,,,
Jefferson,877 Jeferson Ave,KMBS,B300i,AC78013006798,MEM08581,11738,,11738,10.212.106.211,Networked,,Jefferson,5th,5B High - Nurses Station,,,,,,
Jefferson,,HP,M401dn,VNG3B01778,MPS08614,222922,,222922,,Networked,*Not in EA,Jefferson,5th,Telemetry,,,,,,
Jefferson,,HP,M401dn,PHGDD62521,MEMP01210,,,,N/A,Local,*Not in EA,Jefferson,5th,Telemetry,,,,,,
Jefferson,877 Jeferson Ave,KMBS,B300i,AC78013005876,MEM08593,8293,,8293,10.212.106.242,Networked,,Jefferson,5th,5B Low - Nurses Station,,,,,,
Jefferson,877 Jeferson Ave,HP,LJ M401,VNG4S16829,MEMP01031,31756,,31756,N/A,Local,,Jefferson,5th,B529,,,,,,
Jefferson,877 Jeferson Ave,KMBS,B308E,AA6W011003894,MEM03385,,,,10.212.42.69,Networked,,Jefferson,5th,Social Workers Office,,,,,,
Jefferson,877 Jeferson Ave,HP,LJ M527,MXNCL6F1C8,MPS07449,4673,,4673,10.211.42.229,Networked,,Adams,Ground,AG25 - Executive/Quality,,,,,,
Jefferson,877 Jeferson Ave,HP,LJ M401,VNG4612198,MPS07036,25879,,25879,10.211.42.236,Networked,,Adams,Ground,AG55-CEO,,,,,,
Jefferson,877 Jeferson Ave,HP,LJ M402,PHBHC15876,MPS07072,11033,,11033,10.211.42.34,Networked,,Adams,Ground,AG33 - Presidents Office,,,,,,
Jefferson,,HP,LJ M601,CNCCF1G3YZ,MPS04775,15530,,15530,N/A,Local,,Adams,6th,A665,,,,,,
Jefferson,877 Jeferson Ave,HP,E42540f,CNBRRCJ2HM,MPS08456,354,,354,10.211.114.18,Networked,,Adams,6th,A664 - Copy Room,,,,,,
Jefferson,877 Jeferson Ave,HP,LJ M477,VNCKM1KK03,MEMP01212,19739,,19739,N/A,Local,,Adams,6th,A663,,,,,,
Jefferson,,BROTHER,MFC-9340CDW,U63481F5J820319,MPS08613,19150,,19150,Fax Only,None,*Not in EA,Adams,6th,A664 - Copy Room,,,,,,
Jefferson,,HP,M553,JPBCJ5W07G,MPS08612,6427,15034,21462,172.21.93.201,Networked,*Not in EA,Adams,6th,A664 - Copy Room,,,,,,
Jefferson,877 Jeferson Ave,HP,LJ M527,MXNCL8Q0ZG,MPS07531,34986,,34986,10.211.122.10,Networked,,Adams,6th,EPMO,,,,,,
Jefferson,877 Jeferson Ave,HP,LJ M402,PHBHG14193,MEMP01024,,,,N/A,Local,,Adams,6th,Eric Maglisco,,,,,,
Jefferson,877 Jeferson Ave,HP,LJ M601,CNCCF1F2RM,MPS04773,,,,10.211.114.34,Networked,,Adams,6th,Classroom,,,,,,
6555 Quince Rd,6555 Quince Rd,HP,E47528f,CNCRQ9Y68N,MPS08367,,,,10.202.170.43,Networked,,,1st,Pharmacy,,,,,,
6555 Quince Rd,6555 Quince Rd,HP,LJ M604,CNBCH6Q1Y8,MPS08021,,,,10.202.170.57,Networked,,,1st,Pharmacy,,,,,,
6555 Quince Rd,,HP,M604,3CA82AF5D2CB,MPS08025,,,,10.202.170.10,Networked,*Not in EA,,1st,Pharmacy,,,,,,
6555 Quince Rd,6555 Quince Rd,HP,M604,CNBCH6Q1Y4,MPS08024,,,,10.202.173.18,Networked,,,1st,Pharmacy,,,,,,
6555 Quince Rd,6555 Quince Rd,HP,E62655DN,MXSCS4312T,MPS08475,,,,10.202.170.60,Networked,,,1st,Ste. 101/Imaging/Nurse Station,,,,,,
6555 Quince Rd,6555 Quince Rd,KMBS,B300i,AC77013004373,MEM08818,,,,10.202.170.102,Networked,,,1st,Ste. 101/Imaging/Workroom,,,,,,
6555 Quince Rd,6555 Quince Rd,HP,LJ M402,PHBHG14196,MPS08029,,,28566,10.202.170.80,Networked,,,1st,Ste. 101/Imaging/Front Desk,,,,,,
6555 Quince Rd,6555 Quince Rd,HP,LJ M401,PHGDD62527,MPS08042,,,20311,N/A,Local,,,1st,Ste. 100/Multi-Specialty,,,,,,
6555 Quince Rd,6555 Quince Rd,HP,LJ M527,MXNCL6P04Q,MPS07537,,,,10.202.162.24,Networked,,,1st,Ste. 100/Pharmacy Office,,,,,,
6555 Quince Rd,6555 Quince Rd,HP,LJ M401,PHGDC67917,MPS08039,,,10459,10.202.162.42,Networked,,,1st,Ste. 100/Physicians Office,,,,,,
6555 Quince Rd,6555 Quince Rd,HP,LJ M401,PHGDD62519,MPS08040,,,3252,10.202.162.44,Networked,,,1st,Multi-Specialty/Physicians Offices,,,,,,
6555 Quince Rd,6555 Quince Rd,HP,LJ M402,PHBVH16768,MPS08114,,,,172.17.110.232,Networked,,,1st,Ste. 100/Multi-Specialty/Conference Room,,,,,,
6555 Quince Rd,6555 Quince Rd,HP,LJ M401,PHGDC67924,MPS08038,,,13641,10.202.162.51,Networked,,,1st,Ste. 100/Multi-Specialty/Nurse Station B,,,,,,
6555 Quince Rd,6555 Quince Rd,HP,LJ M521,CNB7H568H9,MPS08037,,,,10.202.162.45,Networked,,,1st,Ste. 100/Multi-Specialty/Nurse Station B,,,,,,
6555 Quince Rd,6555 Quince Rd,HP,LJ M401,PHGDD67676,MPS08036,,,28843,10.202.162.10,Networked,,,1st,Ste. 100/Multi-Specialty/Nurse Station A,,,,,,
6555 Quince Rd,6555 Quince Rd,HP,E52645DN,MXBCS3P0WW,MPS08476,,,,10.202.162.39,Networked,,,1st,Ste. 100/Multi-Specialty/Nurse Station A,,,,,,
6555 Quince Rd,6555 Quince Rd,KMBS,C550i,AA7P017708935,MEM08587,,,,10.202.162.48,Networked,,,1st,Ste. 100/Multi-Specialty/Front Desk,,,,,,
6555 Quince Rd,6555 Quince Rd,KMBS,C308,A7PY017010122,MEM03293,,,,10.202.130.20,Networked,,,5th,Ste. 501/Physicians Office/Front Desk,,,,,,
6555 Quince Rd,6555 Quince Rd,HP,LJ M401,PHGDC50859,MPS08054,,,18277,10.202.130.11,Networked,,,5th,Ste. 500/Urology/Referrals,,,,,,
6555 Quince Rd,6555 Quince Rd,HP,LJ M521,CNB7GCD09W,MPS08058,,,,10.202.130.21,Networked,,,5th,Ste. 500/Urology,,,,,,
6555 Quince Rd,6555 Quince Rd,HP,LJ M401,VNG3F58124,MPS08051,,,3584,10.202.152.14,Networked,,,5th,Ste. 500/Room 567,,,,,,
6555 Quince Rd,6555 Quince Rd,HP,LJ M401,PHGDC50856,MPS08056,,,64203,10.202.130.13,Networked,,,5th,Ste. 500/Room 567,,,,,,
6555 Quince Rd,6555 Quince Rd,HP,E52645DN,MXBCS3P0X2,MPS08482,,,,10.202.130.2,Networked,,,5th,Ste. 500/Urology/Medical Assistant,,,,,,
6555 Quince Rd,6555 Quince Rd,HP,LJ M401,PHGDC50868,MPS08052,,,50343,10.202.130.14,Networked,,,5th,Ste. 500/Urology/Practice Manager,,,,,,
6555 Quince Rd,877 Jeferson Ave,HP,LJ M401,VNG4S13313,MPS07106,,,142162,10.217.26.10,Networked,,,5th,Ste. 500/Urology/Front Desk,,,,,,
6555 Quince Rd,6555 Quince Rd,KMBS,C308,A7PY017010156,MEM03291,,,,10.202.130.19,Networked,,,5th,Ste. 500/Urology/Front Desk,,,,,,
6555 Quince Rd,6555 Quince Rd,HP,LJ M401,PHGDF57184,MPS08061,,,4391,10.202.130.17,Networked,,,5th,Ste. 501/Physicians Office,,,,,,
6555 Quince Rd,6555 Quince Rd,HP,LJ M401,PHGDF57191,MPS04807,,,2580,10.202.130.18,Networked,,,5th,Ste. 501/Room 507,,,,,,
6555 Quince Rd,6555 Quince Rd,HP,LJ M401,PHGDC50866,MPS04805,,,26165,10.202.130.10,Networked,,,5th,Ste. 501/MFM/Nurse Station,,,,,,
6555 Quince Rd,6215 Humphreys Blvd,HP,LJ M401,PHGDC55616,MPS08000,,,96777,10.202.130.23,Networked,,,5th,Ste. 501/MFM/Physician,,,,,,
6555 Quince Rd,6555 Quince Rd,KMBS,C308,A7PY017011430,MEM03391,,,,10.202.130.24,Networked,,,5th,Ste. 501/HU-2 Copy Room,,,,,,
6555 Quince Rd,6555 Quince Rd,HP,LJ M401,PHGDB70815,MPS08059,,,113959,10.202.130.6,Networked,,,5th,Ste. 501/Nurse Station A,,,,,,
6555 Quince Rd,6555 Quince Rd,HP,LJ M401,PHGDF57187,MPS08060,,,38663,10.202.130.15,Networked,,,5th,Ste. 501/Physicians Office/Front Desk,,,,,,
6555 Quince Rd,6555 Quince Rd,HP,LJ M401,PHGDD62523,MPS08050,,,15801,10.202.154.24,Networked,,,2nd,Ste. 200/Rehab,,,,,,
6555 Quince Rd,6555 Quince Rd,HP,LJ M401,VNG3F58107,MPS08048,,,19596,10.202.154.33,Networked,,,2nd,Ste. 200/Rehab,,,,,,
6555 Quince Rd,6555 Quince Rd,HP,LJ M401,VNG3F58108,MPS08045,,,21615,10.202.154.26,Networked,,,2nd,Ste. 200/Rehab,,,,,,
6555 Quince Rd,6555 Quince Rd,HP,LJ M401,PHGDD67675,MPS08046,,,6202,10.202.154.28,Networked,,,2nd,Ste. 200/Rehab,,,,,,
6555 Quince Rd,6555 Quince Rd,HP,LJ M401,PHGDD62510,MEMP00199,,,3568,N/A,Local,,,2nd,Ste. 200/Rehab,,,,,,
6555 Quince Rd,6555 Quince Rd,KMBS,C308,A7PY017010193,MEM03285,,,,10.202.154.47,Networked,,,2nd,Ste. 200/Rehab/Front Desk,,,,,,
6555 Quince Rd,6555 Quince Rd,HP,LJ M604,CNBCH6Q1XY,MPS08023,,,,10.202.170.65,Networked,,,1st,Pharmacy,,,,,,
6555 Quince Rd,6555 Quince Rd,HP,LJ M604,CNBCH6Q1YG,MPS08022,,,,10.202.170.52,Networked,,,1st,Pharmacy,,,,,,
1955 S 3rd St,1955 S 3rd St,KMBS,B300i,AC77013004627,MEM08596,6586,,6586,10.202.98.30,Networked,,,3rd,Med-Rec,,,,,,
1955 S 3rd St,1955 S 3rd St,HP,LJ M527,MXNCL6DOJG,MPS07529,87663,,87663,N/A,Local,,,3rd,Reception,,,,,,
1955 S 3rd St,1955 S 3rd St,KMBS,B300i,AC77013006533,MEM08599,9616,,9616,10.202.98.22,Networked,,,3rd,Nurse Station,,,,,,
1955 S 3rd St,1955 S 3rd St,HP,LJ M402,JPBDY15303,MPS08011,107670,,107670,10.202.98.168,Networked,,,,,,,,,,
1955 S 3rd St,877 Jeferson Ave,HP,HP LJ M607DN,CNBCL5Z26K,EQ47721,16576,,16576,10.202.98.132,Networked,,,,,,,,,,
1955 S 3rd St,1955 S 3rd St,HP,LJ M401,VNG3F58293,MPS08009,,,95315,10.202.98.216,Networked,,,,,,,,,,
3109 Walnut Grove,,XEROX,Phaser 3600,MHB504828,MPS07377,,,5230,10.202.98.206,Networked,*Not in EA,,3rd,Physician,,,,,,
3109 Walnut Grove,1977 S 3rd St,HP,LJ M401,PHGDF61550,MPS07229,,,93224,10.202.98.71,Networked,,,3rd,Physician,,,,,,
3109 Walnut Grove,3109 Walnut Grove Rd,KMBS,B450i,AC76017007096,MEM08522,9983,,9983,10.202.2.12,Networked,,,,Front Desk,,,,,,
3109 Walnut Grove,3109 Walnut Grove Rd,HP,LJ M402,PHBHK81927,MPS07331,,,203612,10.202.2.7,Networked,,,,West Side Nursing Station,,,,,,
3109 Walnut Grove,6555 Quince Rd,HP,LJ M426,PHBLLBX0HX,MPS08252,,,,10.202.2.5,Networked,,,,East Side Nursing Station,,,,,,
3109 Walnut Grove,3109 Walnut Grove Rd,HP,LJ M401,PHGFB90325,MPS08016,,,65383,10.202.2.8,Networked,,,,East Office,,,,,,
3109 Walnut Grove,3109 Walnut Grove Rd,HP,E45028dn,VND3P01405,MPS08350,,,,10.202.2.15,Networked,,,,,,,,,,
3109 Walnut Grove,,HP,M521dn,,MPS073802,,,,10.202.2.27,Networked,*Not in EA/No SN attatched in paperwork,,,Back West Office,,,,,,
3109 Walnut Grove,3109 Walnut Grove Rd,KMBS,B300i,AC78013006805,MEM08567,3355,,3355,10.202.2.13,Networked,,,,Medical Records,,,,,,
3109 Walnut Grove,3109 Walnut Grove Rd,HP,LJP2035N,CNB9X75510,MPS08012,,,,10.202.2.10,Networked,,,,Back Hall Office,,,,,,
890 Madison,877 Jeferson Ave,HP,E40040dn,PHBCH13851,MPS013580,50648,,50648,10.215.18.13,Networked,,Turner,1st,Surgery Center Front Desk,,,,,,
890 Madison,877 Jeferson Ave,HP,LJ M551,JPCCFCD0VN,MPS07140,49065,54265,103330,10.215.18.237,Networked,,Turner,1st,Plastic Surgery,,,,,,
890 Madison,877 Jeferson Ave,HP,LJ M401,PHGDC07972,MPS07142,42539,,42539,10.215.18.11,Networked,,Turner,1st,Plastic Surgery,,,,,,
890 Madison,,HP,LJ ?,VNB3T24666,MPS08593,2,52,54,,Networked,*Not in EA,,,Wound Care,,,,,,
890 Madison,877 Jeferson Ave,HP,LJ M252dw,VNB3B66920,MPS04768,,,,N/A,Local,,Turner,Ground,Research,,,,,,
890 Madison,877 Jeferson Ave,HP,LJ M607DN,CNBCL5Z26D,MPS07366,26660,,26660,10.215.10.36,Networked,,Turner,Ground,Desk,,,,,,
890 Madison,,HP,M402n,PHBHB03743,MPS08594?,3703,,3703,N/A,Local,*Not in EA,Turner,Ground,Provider Office,,,,,,
890 Madison,877 Jeferson Ave,HP,LJ 3015,VNB3S34592,MPS07148,7898,,7898,10.215.10.143,Networked,,Turner,Ground,Desk,,,,,,
890 Madison,877 Jeferson Ave,KMBS,B308E,AA6W011002545,MEM03334,,,,10.215.10.5,Networked,,Turner,Ground,Front Desk,,,,,,
890 Madison,877 Jeferson Ave,HP,LJ M401,PHGDC08203,MPS07141,,,36032,10.215.18.16,Networked,,Turner,1st,Nurse Station,,,,,,
890 Madison,877 Jeferson Ave,KMBS,B308E,AA6W011003628,MEM03341,,,,10.215.18.14,Networked,,Turner,1st,Front Desk,,,,,,
890 Madison,877 Jeferson Ave,HP,LJ M401,VND3607145,MEMP01745,36298,,36298,N/A,Local,,Turner,1st,Out Patient,,,,,,
890 Madison,877 Jeferson Ave,KMBS,B300i,AC78013000841,MEM6505,,,,10.215.18.200,Networked,,Turner,1st,Front Desk,,,,,,
890 Madison,877 Jeferson Ave,HP,E42540f,CNBRPC622H,MPS07741,,,,10.215.18.173,Networked,*IN EA as MPS08257,Turner,1st,Rear Nurse Station,,,,,,
890 Madison,877 Jeferson Ave,HP,LJ M401,VNB3205667,MPS07146,,,274150,10.215.10.254,Networked,,Turner,Ground,Wound Care/HBO,,,,,,
890 Madison,877 Jeferson Ave,HP,LJ M454,VNB3L29699,MPS08228,,,,10.215.10.11,Networked,,Turner,Ground,Wound Care/HBO,,,,,,
890 Madison,877 Jeferson Ave,KMBS,B450i,AC76017007053,MEM08537,,,,10.215.10.215,Networked,,Turner,Ground,,,,,,,
890 Madison,877 Jeferson Ave,HP,LJ M528,MXBCM5Q2FX,MPS07328,,,,10.215.10.208,Networked,,Turner,Ground,Burn Rehab,,,,,,
890 Madison,,HP,PRO 8600,,,,,,N/A,Local,*No info to use for a reference in EA,Turner,Ground,Staff Office,,,,,,
890 Madison,877 Jeferson Ave,HP,LJ M401,VNG4612194,MPS07385,,,28347,N/A,Local,,Turner,Ground,Senior VP Growth,,,,,,
890 Madison,877 Jeferson Ave,HP,LJ M401,PHGFD72882,MEMP01088,,,13854,N/A,Local,,Turner,Basement,,,,,,,
890 Madison,,HP,PRO 9020,,,,,,N/A,Local,*No info to use for a reference in EA,Turner,Basement,B057,,,,,,
890 Madison,877 Jeferson Ave,KMBS,B300i,AC78013006790,MEM08590,,,,10.215.2.241,Networked,,Turner,Basement,,,,,,,
890 Madison,877 Jeferson Ave,HP,E52645DN,MXBCS3P0SG,MPS08485,,,,10.215.18.15,Networked,,Turner,1st,Surgery Center,,,,,,
890 Madison,877 Jeferson Ave,HP,E47528f,CNCRS2F4H8,MPS08489,76,30,106,10.215.50.244,Networked,,Turner,4th,Front Desk,,,,,,
890 Madison,877 Jeferson Ave,HP,LJ M401,VNG4S13303,MEMP01053,37169,,37169,10.215.50.219,Networked,*In EA as MPS01053,Turner,4th,Chief Medical Office,,,,,,
890 Madison,877 Jeferson Ave,HP,LJ M477,VNBKKDQ4PH,MEMP01049,19948,13906,33854,10.215.50.10,Networked,,Turner,4th,Marketing,,,,,,
890 Madison,877 Jeferson Ave,HP,LJ M521,CNB7K3X8Y2,MPS07102,,,137871,10.215.50.171,Networked,,Turner,4th,Mid Desk,,,,,,
,877 Jeferson Ave,HP,LJ M477,VNBKLBS0MZ,MPS08121,6576,46261,52837,10.215.42.205,Networked,,,,,,,,,,
890 Madison,877 Jeferson Ave,HP,LJ M479,MXBCN3M1BH,MPS07782,10623,110582,121205,10.215.50.187,Networked,,Turner,4th,,,,,,,
890 Madison,877 Jeferson Ave,HP,LJ 1606,VNB3G34539,MEMP01189,,,,N/A,Local,,Chandler,7th,,,,,,,
890 Madison,877 Jeferson Ave,LEXMARK,LEXMS810DN,40637D6606TBH,MEMP01186,55674,,55674,N/A,Local,,Chandler,7th,,,,,,,
,877 Jeferson Ave,LEXMARK,LEXMS810DN,40637D6606RMD,MEMP01182,,,,N/A,Local,*No Imaging Unit,Chandler,7th,Core Labs,,,,,,
,877 Jeferson Ave,HP,LJ M527,MXNCL6P05W,MPS07557,153532,,153532,10.213.82.39,Networked,,Chandler,7th,,,,,,,
,877 Jeferson Ave,HP,LJ4001,VNL0101411,MPS13583,,,5492,,Networked,,Chandler,7th,Core Labs,,,,,,
,877 Jeferson Ave,HP,LJM283fdw,VNBRR5961N,MEMP01856,977,1991,2968,N/A,Local,,Chandler,7th,196 Admin East,,,,,,
,877 Jeferson Ave,HP,LJ M401,VNG4612185,MPS07732,125979,,125979,10.213.74.155,Networked,,Chandler,5th,Admin Office,,,,,,
,877 Jeferson Ave,KMBS,B308E,AA6W017004395,MEM6060,,,,10.213.74.139,Networked,,Chandler,5th,,,,,,,
,877 Jeferson Ave,HP,LJ M401,PHGDC07971,MPS07139,33614,,33614,N/A,Local,,Chandler,2nd,Med Staff,,,,,,
,877 Jeferson Ave,HP,LJ M527,MXNCL8Q0XF,MPS07462,26563,,26563,10.213.50.245,Networked,,Chandler,2nd,Copy Room,,,,,,
,877 Jeferson Ave,HP,LJ 3015,VNB3S38527,MPS07196,140813,,140813,,Networked,,Chandler,2nd,Manager,,,,,,
,877 Jeferson Ave,HP,MS821n,406404201GTPV,MPS13568,73865,,73865,N/A,Local,,Chandler,7th,Core Labs,,,,,,
,877 Jeferson Ave,LEXMARK,MX310dn,451432LM0N3DY,MEMP01184,,,,N/A,Local,,Chandler,7th,Core Labs,,,,,,
890 Madison,877 Jeferson Ave,HP,LJ M452,VNB3B38995,MEMP01056,3466,66487,69953,N/A,Local,,Turner,3rd,,,,,,,
890 Madison,877 Jeferson Ave,HP,E52645DN,MXBCS3P0RD,MPS08486,,,1363,10.215.42.167,Networked,,Turner,3rd,Nurse Station,,,,,,
890 Madison,877 Jeferson Ave,HP,LJ M401,VNG4612190,MPS07108,117194,,117194,10.215.42.222,Networked,,Turner,3rd,Patient Care,,,,,,
890 Madison,877 Jeferson Ave,KMBS,B450i,AC76017007016,MEM08536,,,,10.215.42.61,Networked,,Turner,3rd,Front Desk,,,,,,
890 Madison,877 Jeferson Ave,HP,LJ4200,USBNL11320,MPS07164,,,,10.215.26.159,Networked,,Turner,2nd,Pharmacy,,,,,,
890 Madison,877 Jeferson Ave,KMBS,B300i,AC78013006791,MEM08816,,,,10.215.26.240,Networked,,Turner,2nd,Pharmacy,,,,,,
890 Madison,877 Jeferson Ave,HP,LJ M601,CNCCF1F2RT,MPS07160,236992,,236992,10.215.26.20,Networked,,Turner,2nd,#216,,,,,,
,877 Jeferson Ave,HP,LJ M479,MXBCMD80LF,MPS07388,167,2562,2729,10.215.26.147,Networked,,Turner,2nd,#219,,,,,,
,,HP,LJ ?,VNB3H66676,MPS08602,,,,N/A,Local,*Not in EA,Turner,2nd,#222,,,,,,
890 Madison,877 Jeferson Ave,HP,LJ M521,CNB7F3J4ZJ,MPS07156,54350,,54350,10.215.26.249,Networked,,Turner,2nd,#222,,,,,,
890 Madison,877 Jeferson Ave,HP,LJ M479,MXBCMD80NB,MPS07771,3482,9114,12596,10.215.26.104,Networked,,Turner,2nd,Back IT Office,,,,,,
890 Madison,877 Jeferson Ave,HP,LJ M401,VNG4S13301,MPS07155,,,42275,10.215.26.72,Networked,,Turner,2nd,#244,,,,,,
890 Madison,877 Jeferson Ave,HP,LJ M402,PHBHD79179,MPS07161,6221,,6221,10.200.152.178,Networked,,Turner,2nd,#208,,,,,,
890 Madison,,HP,M283fdw,VNBRQCN01C,MPS07815,915,1629,2544,10.215.26.15,Networked,*Not in EA,Turner,2nd,#207,,,,,,
890 Madison,877 Jeferson Ave,KMBS,C550i,AA7P017708539,MEM08554,,,,10.215.26.120,Networked,,Turner,2nd,,,,,,,
890 Madison,877 Jeferson Ave,HP,LJ M527,MXNCL6F1CB,MPS07459,151961,,151961,10.215.26.68,Networked,,Turner,2nd,#205,,,,,,
890 Madison,877 Jeferson Ave,HP,LJ M454,VNB3D48754,MPS13574,19038,4,19042,10.215.34.11,Networked,,Turner,2nd,,,,,,,
,,BROTHER,?,U6387860N286289,MEMP01852,,,,N/A,Local,*Not in EA(Illegible Handwriting),Chandler,7th,Core Labs,,,,,,
890 Madison,877 Jeferson Ave,HP,E47528f,CNCRS2632J,MPS08490,1161,2073,3234,10.215.42.13,Networked,,Turner,3rd,Admin Director,,,,,,
890 Madison,877 Jeferson Ave,HP,LJ M401,VNG4612188,MPS07387,,,,10.215.34.214,Networked,,Turner,3rd,Office,,,,,,
,,,,,MEMP0191,,,,,,*Only given ID + Room. Not in EA,,,A205,,,,,,
,877 Jeferson Ave,HP,LJ M451,CNDG201192,MPS04798,,,,10.211.66.34,Networked,*Only given ID + Room. Other information pulled from EA,AB2,,A203,,,,,,
,877 Jeferson Ave,KMBS,C308,A7PY017009955,MEM03342,,,,10.211.66.65,Networked,*Only given ID + Room. Other information pulled from EA,AB2,,A206,,,,,,
,877 Jeferson Ave,HP,LJ M401,VNG4S12334,MEMP00192,,,,N/A,Local,,,1st,A209,,,,,,
,877 Jeferson Ave,HP,LJ P4014,CNDX253646,MPS04800,,,,10.211.64.49,Networked,*Only given ID + Room. Other information pulled from EA,AB2,,A214,,,,,,
,877 Jeferson Ave,KMBS,B308E,AA6W011004064,MEM03402,,,,10.211.66.11,Networked,*Only given ID + Room. Other information pulled from EA,AB2,,A223,,,,,,
,877 Jeferson Ave,HP,LJ M401,VNG4S16847,MEMP00194,,,425665,N/A,Local,,AB2,,A225,,,,,,
,877 Jeferson Ave,HP,LJ M401,PHGDC07304,MEMP00195,,,,10.211.66.19,Networked,*Only given ID + Room. Other information pulled from EA,AB2,,A222,,,,,,
,877 Jeferson Ave,HP,LJ M402,JPBDY10438,MEMP01202,,,18128,N/A,Local,,AB2,,A224,,,,,,
,877 Jeferson Ave,HP,LJP2055DN,CNB1803530,MEMP01728,,,,10.211.66.223,Networked,*Only given ID + Room. Other information pulled from EA,AB2,,A227,,,,,,
,877 Jeferson Ave,HP,LJ 1536,CNG8G4Y516,MPS04796,,,,10.211.66.74,Networked,*Only given ID + Room. Other information pulled from EA,AB2,,A226,,,,,,
,877 Jeferson Ave,HP,LJ M401,VNG4S12203,MPS08129,,,42575,N/A,Local,,AB2,,A228,,,,,,
,877 Jeferson Ave,KMBS,B308E,AA6W011000380,MEM03359,,,,10.211.74.70,Networked,*Only given ID + Room. Other information pulled from EA,AB3,,,,,,,,
,877 Jeferson Ave,HP,LJ M401,VNG4S13296,MPS04791,,,,10.211.74.61,Networked,*Only given ID + Room. Other information pulled from EA,AB3,,Medical Director,,,,,,
,877 Jeferson Ave,HP,LJ M401,PHGDF61553,MEMP00184,,,40463,N/A,Local,,AB3,,Admin Office,,,,,,
,877 Jeferson Ave,HP,LJ M521,CNB7GDY6YR,MPS04792,,,,10.211.74.55,Networked,*Only given ID + Room. Other information pulled from EA,AB3,,Therapy Office,,,,,,
,877 Jeferson Ave,HP,LJ M404,PHDCB04101,MPS07781,,,,10.211.74.6,Networked,*Only given ID + Room. Other information pulled from EA,AB3,,Patient Care,,,,,,
,877 Jeferson Ave,HP,LJ M401,PHGDG73233,MEMP00185,,,180003,N/A,Local,,AB3,,MDS Office,,,,,,
,877 Jeferson Ave,HP,LJ M401,PHGDG73310,MPS04793,,,,10.211.74.52,Networked,*Only given ID + Room. Other information pulled from EA,AB3,,Social Work,,,,,,
,877 Jeferson Ave,KMBS,C550i,AA7P017708955,MEM08568,,,,10.211.74.57,Networked,*Only given ID + Room. Other information pulled from EA,AB3,,Nurse Station,,,,,,
,877 Jeferson Ave,HP,M521,,MPS08630,,,,,,*Not Stickered/Won't Print,AB3,,,,,,,,
,877 Jeferson Ave,HP,LJ M401,PHGDG73320,MEMP01195,,,37114,N/A,Local,,AB3,,Director of Nursing,,,,,,
,877 Jeferson Ave,HP,LJ M451,CNDG173898,MEMP00177,,,,N/A,Local,*Only given ID + Room. Other information pulled from EA,AB4,,A458,,,,,,
,877 Jeferson Ave,KMBS,B308E,AA6W011004215,MEM03406,,,,10.211.82.12,Networked,*Only given ID + Room. Other information pulled from EA,AB4,,Copy Room,,,,,,
,877 Jeferson Ave,HP,LJ M401,PHGDC07603,MEMP00178,,,20433,N/A,Local,,AB4,,A457,,,,,,
,,HP,283fdw,,MPS08649,,,,N/A,Local,*No Sticker,AB4,,A459,,,,,,
,877 Jeferson Ave,HP,LJ M401,VNB4B21023,MEMP00180,,,18435,N/A,Local,,AB4,,A461,,,,,,
,,HP,3101dw,,MPS08648,,,,N/A,Local,*No Sticker,AB4,,A470,,,,,,
,877 Jeferson Ave,HP,LJ M401,VNG4S12200,MEMP00181,,,32370,N/A,Local,,AB4,,A463,,,,,,
,877 Jeferson Ave,HP,E42540f,CNBRP3P979,MPS08240,,,,10.211.82.11,Networked,*Only given ID + Room. Other information pulled from EA,AB4,,A427,,,,,,
,877 Jeferson Ave,HP,E52645DN,MXBCQ5Q09Z,MPS08348,,,,10.211.82.17,Networked,*Only given ID + Room. Other information pulled from EA,AB4,,A401,,,,,,
,877 Jeferson Ave,HP,LJ M402,PHB5C09032,MEMP01029,,,,10.211.82.253,Networked,*Only given ID + Room. Other information pulled from EA,AB4,,A400,,,,,,
,877 Jeferson Ave,HP,LJ M426,PHBLLC64PQ,MPS07358,,,,10.211.82.251,Networked,*Only given ID + Room. Other information pulled from EA,AB4,,A402,,,,,,
,877 Jeferson Ave,HP,E42540f,CNBRPC622H,MPS08257,,,,10.215.18.173,Networked,*Only given ID + Room. Other information pulled from EA,AB4,,A402,,,,,,
,877 Jeferson Ave,HP,LJ M401,PHGDF43803,MEMP01030,,,,10.211.82.250,Networked,*Only given ID + Room. Other information pulled from EA,AB4,,A404,,,,,,
,877 Jeferson Ave,HP,LJ M402,PHB5B53153,MEMP01195,,,17578,N/A,Local,,Jefferson,,Blood Bank,,,,,,
,877 Jeferson Ave,HP,LJ M402,PHB5B53147,MEMP01196,,,14593,N/A,Local,,Jefferson,,Blood Bank,,,,,,
,877 Jeferson Ave,HP,LJ4515N,CNDG170921,MEMP01194,,,40637,N/A,Local,,Jefferson,Ground,Blood Bank,,,,,,
,877 Jeferson Ave,KMBS,B450i,AC76017006971,MEM08518,,,,10.212.26.23,Networked,*Only given ID + Room. Other information pulled from EA,Jefferson,Ground,,,,,,,
,877 Jeferson Ave,HP,LJ M401,VND3607149,MPS07132,,,,10.212.26.21,Networked,*Only given ID + Room. Other information pulled from EA,Oett?,Ground,Nurse Manager,,,,,,
,877 Jeferson Ave,HP,LJ M402,PHBQH47485,MPS07162,,,,10.212.26.35,Networked,*Only given ID + Room. Other information pulled from EA,Jefferson,Ground,ED Pharmacy,,,,,,
,877 Jeferson Ave,HP,LJ M608,CNBCK9N0FF,MPS07075,,,,10.212.26.10,Networked,*Only given ID + Room. Other information pulled from EA,Jefferson,Ground,RAZ - ED,,,,,,
,877 Jeferson Ave,HP,E47528f,CNCRS34503,MPS08488,,,,10.212.34.17,Networked,*Only given ID + Room. Other information pulled from EA,Jefferson,Ground,Nurse Supply Office,,,,,,
,877 Jeferson Ave,HP,E62655DN,MXSCS430TV,MPS08479,,,,10.213.10.167,Networked,*Only given ID + Room. Other information pulled from EA,Jefferson,Ground,MRI Front Desk,,,,,,
,877 Jeferson Ave,HP,LJ M401,PHGDC55600,MPS07200,,,,10.213.98.90,Networked,*Only given ID + Room. Other information pulled from EA,Jefferson,Ground,Radiology CT,,,,,,
,877 Jeferson Ave,HP,LJ M527,MXNCL6D1TZ,MPS07540,,,,10.212.26.24,Networked,*Only given ID + Room. Other information pulled from EA,Jefferson,Ground,Trauma,,,,,,
,877 Jeferson Ave,HP,LJ M527,MXNCL6P06J,MPS07535,,,,10.213.2.30,Networked,*Only given ID + Room. Other information pulled from EA,Jefferson,Basement,Receiving,,,,,,
,877 Jeferson Ave,HP,LJ M712,CNDCJ8L19M,MPS07082,,,,10.213.2.186,Networked,*Only given ID + Room. Other information pulled from EA,JB,,JB16A,,,,,,
,877 Jeferson Ave,HP,LJ 1536,CNG8G4L43P,MPS04785,,,,N/A,Local,,JB,,JB16A,,,,,,
,877 Jeferson Ave,KMBS,B308E,AA6W011003062,MEM03331,,,,10.213.2.189,Networked,*Only given ID + Room. Other information pulled from EA,JB,,,,,,,,
,877 Jeferson Ave,HP,LJ M452,VNB3B13448,MEMP01028,,,7957,N/A,Local,,JB,,Director Materials Management,,,,,,
,877 Jeferson Ave,KMBS,B300i,AC77013006485,MEM08569,,,,10.213.2.20,Networked,*Only given ID + Room. Other information pulled from EA,JB,,,,,,,,
,877 Jeferson Ave,HP,CNCRS3C404,CNCRS3C404,MPS08578,,,,10.213.2.25,Networked,*Only given ID + Room. Other information pulled from EA,JB,,Manager Office,,,,,,
,877 Jeferson Ave,KMBS,C550i,AA7P017708568,MEM08594,,,,10.213.2.174,Networked,*Only given ID + Room. Other information pulled from EA,JB,,,,,,,,
,877 Jeferson Ave,HP,LJ M401,VNG4S12198,MEMP01042,,,,N/A,Local,*Only given ID + Room. Other information pulled from EA,JB,,Telecom,,,,,,
,877 Jeferson Ave,HP,LJ M402,PHBHC05287,MPS07085,,,,10.213.2.92,Networked,*Only given ID + Room. Other information pulled from EA,JB,,,,,,,,
,877 Jeferson Ave,HP,LJP2035,VNB3B03977,MEMP01043,,,,N/A,Local,*Only given ID + Room. Other information pulled from EA,JB,,,,,,,,
,877 Jeferson Ave,HP,LJ M452,VBN3N34705,MEMP01045,,,7070,N/A,Local,,JB,,Manager,,,,,,
,,HP,401n,PHGDC07296,MEMP01169,,,42027,N/A,Local,*Not in EA,JB,,,,,,,,
,877 Jeferson Ave,HP,E45028dn,VND3P04076,MPS08361,,,,10.213.2.16,Networked,*Only given ID + Room. Other information pulled from EA,JB,,JB08K,,,,,,
,,HP,40040,,MPS07742,,,,,,*Only given ID + Room. Not in EA,JB,,CPD Office,,,,,,
,877 Jeferson Ave,HP,LJ M601,CNCCDCW0GX,MPS07767,,,,10.213.2.100,Networked,*Only given ID + Room. Other information pulled from EA,JB,,Sterile? Room,,,,,,
,877 Jeferson Ave,HP,LJ M401,VNG4615271,MPS07317,,,,10.213.2.40,Networked,*Only given ID + Room. Other information pulled from EA,JB,,Sterile? Room,,,,,,
,877 Jeferson Ave,HP,LJ M426,PHBLL4G1N8,MPS07372,,,,10.213.2.84,Networked,*Only given ID + Room. Other information pulled from EA,JB,,Sterile? Room,,,,,,
,,LEXMARK,MS310d,451457LM2BMVR,MPS08632,,,,N/A,Local,*No Sticker/Not in EA,Chandler,Basement,,,,,,,
,877 Jeferson Ave,HP,LJ M451,CNDG161934,MEMP01110,,,,10.213.2.18,Networked,*Only given ID + Room. Other information pulled from EA,Chandler,Basement,Aamer Qidwai?,,,,,,
,877 Jeferson Ave,HP,LJ M527,MXNCL6D0H8,MPS07464,,,,10.213.10.216,Networked,*Only given ID + Room. Other information pulled from EA,Chandler,Ground,Dialysis,,,,,,
,877 Jeferson Ave,HP,LJP2055DN,VNB3R21319,MPS07183,,,,10.213.10.111,Networked,*Only given ID + Room. Other information pulled from EA,Chandler,Ground,TM2P2,,,,,,
,,BROTHER,MFC-L2700dw,U63887K4N562113,MPS08641,,,,N/A,Local,*No Sticker/Not in EA,Chandler,Ground,FG017,,,,,,
,877 Jeferson Ave,KMBS,B300i,AC78013006705,MEM08811,,,,10.213.10.30,Networked,*Only given ID + Room. Other information pulled from EA,Chandler,Ground,,,,,,,
,877 Jeferson Ave,HP,LJ 3015,VNB3S34590,MPS07251,243156,,243156,10.200.10.131,Networked,,Chandler,4th,Pharmacy Office,,,,,,
,877 Jeferson Ave,HP,LJ M428,MXBPN5G2M6,MPS10202,28320,,28320,10.212.82.15,Networked,,Chandler,4th,OR Nurse Manager,,,,,,
,877 Jeferson Ave,HP,LJ M451,CNDG212373,MPS07063,13611,85441,99052,10.212.114.115,Networked,,Chandler,4th,VP Perieoperative? Services,,,,,,
,877 Jeferson Ave,HP,E42540f,CNBRR8K67B,MPS08444,263,1221,1484,N/A,Local,,Chandler,4th,VP Perieoperative? Services,,,,,,
,877 Jeferson Ave,HP,LJ M601,CNCCF1F2SG,MPS07068,155874,,155874,10.212.114.2,Networked,,Chandler,4th,OR,,,,,,
,877 Jeferson Ave,KMBS,B300i,AC78013006795,MEM08550,17067,,17067,10.212.50.234,Networked,,Chandler,4th,OR,,,,,,
,877 Jeferson Ave,HP,LJ M527,MXNCL8Q0ZM,MPS07544,"58,598",,"58,598",10.213.66.19,Networked,,Chandler,4th,OR,,,,,,
,877 Jeferson Ave,BROTHER,MFC-7360N,U62700J2N567359,MPS07194,71779,,71779,10.213.50.149,Networked,,Turner,2nd,Critical Care Waiting Room,,,,,,
,877 Jeferson Ave,KMBS,B300i,AC78013003734,MEM07553,88905,,88905,10.217.50.10,Networked,,Rout,6th,Nurses Station,,,,,,
,877 Jeferson Ave,KMBS,B300i,AC78013002028,MEM07554,7931,,7931,10.217.42.10,Networked,,Rout,5th,Nurses Station,,,,,,
,877 Jeferson Ave,KMBS,B300i,AC78013006825,MEM08598,11146,,11146,10.217.34.137,Networked,,Rout,4th,Nurses Station,,,,,,
,877 Jeferson Ave,HP,E42540f,CNBRRC7031,MPS08455,2648,,2648,10.217.34.14,Networked,,Rout,4th,E406,,,,,,
,877 Jeferson Ave,BROTHER,MFC-8510DN,U63087H2N203197,MPS07169,32198,,32198,10.217.34.148,Networked,,Rout,4th,Special Care Nurse,,,,,,
,877 Jeferson Ave,HP,LJ M401,PHGDG15266,MPS07168,26826,,26826,10.217.34.7,Networked,,Rout,4th,Special Care Nurse,,,,,,
,877 Jeferson Ave,HP,LJ M402,JPBDY10435,MEMP00175,23799,,23799,N/A,Local,,Rout,4th,E404,,,,,,
,877 Jeferson Ave,KMBS,B450i,AC76017006988,MEM08519,28744,,28744,10.217.26.3,Networked,,Rout,3rd,Nurses Station,,,,,,
,877 Jeferson Ave,HP,E45028dn,VND3P10994,MPS08442,1270,1281,2551,10.217.26.13,Networked,,Rout,3rd,Nurse Manager RM308,,,,,,
,877 Jeferson Ave,HP,LJ M527,MXNCL6D0L5,MPS07528,100561,,100561,10.217.26.142,Networked,,Rout,3rd,#306,,,,,,
,877 Jeferson Ave,HP,E40040dn,PHBCH11413,MPS08259,795,,795,10.217.26.11,Networked,,Rout,3rd,#304,,,,,,
,877 Jeferson Ave,HP,LJ M401,PHGDD15406,MPS07360,30807,,30807,10.217.26.6,Networked,,Rout,3rd,#302,,,,,,
,877 Jeferson Ave,HP,LJ M402,PHBHD02042,MPS07171,,,,10.217.26.135,Networked,*Only given ID + Room. Other information pulled from EA,Rout,3rd,Well Care,,,,,,
,877 Jeferson Ave,HP,LJ M527,MXNCL6D0KX,MPS07527,147450,,147450,10.217.26.163,Networked,,Rout,3rd,Well Care,,,,,,
,,HP,LJ2200d,,MPS08675,,,,N/A,Local,*Not in EA/Doesn't Print,Rout,3rd,Well Care,,,,,,
,,HP,P2015,,MPS08676,,,,N/A,Local,*Not in EA/Doesn't Print,Rout,3rd,,,,,,,
,877 Jeferson Ave,KMBS,B450i,AC76017007047,MEM08542,24407,,24407,10.217.18.73,Networked,,Rout,2nd,NICU,,,,,,
,877 Jeferson Ave,HP,LJ M428,CNDRND8BT4,MPS07788,106063,,106063,10.217.18.10,Networked,,Rout,2nd,E213,,,,,,
,853 Jeferson Ave,HP,LJ M401,VNG4612195,MEMP01095,68400,,68400,10.217.18.177,Networked,,Rout,2nd,Newborn Social Work,,,,,,
,877 Jeferson Ave,HP,LJ M527,MXNCL6D0JP,MPS07524,51504,,51504,10.217.10.13,Networked,,Rout,1st,E114,,,,,,
,877 Jeferson Ave,HP,LJ M426,PHBLL7R0F1,MPS07363,27560,,27560,10.217.10.12,Networked,,Rout,1st,E112,,,,,,
Jefferson,877 Jeferson Ave,HP,LJ M402,PHBHK77048,MPS08626,4623,,4623,10.217.10.10,Networked,*EQ47747 in EA,Rout,1st,E142,,,,,,
Jefferson,877 Jeferson Ave,HP,LJ M404,PHBC309226,MPS07367,11153,,11153,N/A,Local,,Rout,1st,Profesional Development,,,,,,
Jefferson,877 Jeferson Ave,HP,LJ M281,VNBNL5B5VX,MPS08122,5618,6838,12456,10.217.10.14,Networked,,Rout,1st,Wound Care,,,,,,
Jefferson,877 Jeferson Ave,HP,LJ M401,VNG4S13308,MPS07176,39063,,39063,10.217.2.13,Networked,,Rout,Ground,Labor/Delivery/Doctors Pit,,,,,,
Jefferson,877 Jeferson Ave,HP,LJ M201,VNB3C88764,MEMP01855,44172,,44172,10.217.2.11,Networked,,Rout,Ground,Labor/Delivery/Back Nurse Station,,,,,,
Jefferson,877 Jeferson Ave,KMBS,B300i,AC78013006815,MEM08813,16510,,16510,10.217.2.63,Networked,,Rout,Ground,Labor/Delivery/Back Nurse Station,,,,,,
Jefferson,877 Jeferson Ave,HP,LJ M401,VNG4S13290,MPS07120,148869,,148869,10.202.90.169,Networked,,Rout,Ground,Labor/Delivery/Nurse Manager Office,,,,,,
Jefferson,877 Jeferson Ave,HP,LJ M527,MXNCL9N066,MPS07553,8708,,8708,10.217.2.107,Networked,,Rout,Ground,Labor/Delivery/Recovery,,,,,,
Jefferson,877 Jeferson Ave,HP,E62655DN,MXSCS430ZT,MPS08481,5486,,5486,10.217.2.138,Networked,,Rout,Ground,Labor/Delivery/Eval,,,,,,
Jefferson,2500 Peres Ave,HP,LJ M401,PHGDC67927,MPS08001,28771,,28771,10.216.58.20,Networked,,Rout,Ground,Labor/Delivery/Triage,,,,,,
Jefferson,877 Jeferson Ave,KMBS,B300i,AC78013005580,MEM08814,15296,,15296,10.217.2.15,Networked,,Rout,Ground,Labor/Delivery/Triage,,,,,,
Jefferson,877 Jeferson Ave,HP,LJ M401,PHGDF43784,MPS07333,9546,,9546,10.217.2.46,Networked,,Rout,Ground,Child Birth Services,,,,,,
Jefferson,877 Jeferson Ave,BROTHER,MFC-7360N,U62700A4N522861,MEMP01243,96344,,96344,10.217.2.50,Networked,*EQ61476 in EA,Rout,Ground,Admissions,,,,,,
Madison,877 Jeferson Ave,HP,LJ M401,PHGDC07259,MPS07128,116287,,116287,10.213.42.39,Networked,,Chandler,1st,HIM/Open Area,,,,,,
Madison,877 Jeferson Ave,HP,LJP2055DN,VNB3R28540,MPS07117,133773,,133773,10.213.42.122,Networked,,Chandler,1st,HIM/Open Area,,,,,,
Madison,877 Jeferson Ave,HP,LJ M401,PHGDC07604,MPS07049,203541,,203541,10.213.42.17,Networked,,Chandler,1st,HIM/Open Area,,,,,,
Madison,877 Jeferson Ave,HP,LJ M404,PHBB422039,MPS08146,2372,,2372,10.213.42.11,Networked,*EQ61492 in EA,Chandler,1st,HIM/Open Area,,,,,,
Madison,877 Jeferson Ave,HP,LJP2055DN,JPBF965858,MPS07114,96445,,96445,10.213.42.24,Networked,,Chandler,1st,HIM/Open Area,,,,,,
Madison,877 Jeferson Ave,HP,LJ M402,PHB5C09025,MEMP01011,30461,,30461,10.213.42.19,Networked,,Chandler,1st,HIM/Open Area,,,,,,
Madison,877 Jeferson Ave,HP,LJ M402,PHBHH01671,MEMP01010,84309,,84309,10.213.42.20,Networked,,Chandler,1st,HIM/Open Area,,,,,,
Madison,877 Jeferson Ave,HP,LJP2055DN,VNB3R21318,MPS07111,1386,,1386,10.213.42.77,Networked,,Chandler,1st,HIM/Open Area,,,,,,
Madison,877 Jeferson Ave,HP,LJ M401,VNG3F47918,MPS07126,11456,,11456,10.213.42.37,Networked,,Chandler,1st,HIM/Open Area,,,,,,
Madison,877 Jeferson Ave,HP,LJ M527,MXNCL8010T,MPS07463,163593,,163593,10.213.42.195,Networked,,Chandler,1st,HIM/Open Area,,,,,,
Madison,877 Jeferson Ave,HP,LJ M401,PHGDG15262,MEMP01217,19555,,19555,10.213.42.25,Networked,,Chandler,1st,HIM/Open Area,,,,,,
Madison,877 Jeferson Ave,HP,LJ M401,VNB4B21027,MPS07180,71173,,71173,10.213.42.66,Networked,,Chandler,1st,HIM,,,,,,
Madison,877 Jeferson Ave,KMBS,B308E,AA6W011003721,MEM03350,257480,,257480,10.213.42.148,Networked,,Chandler,1st,HIM,,,,,,
Madison,877 Jeferson Ave,HP,LJ M402,PHBHF91223,MEMP01172,43169,,43169,10.213.42.18,Networked,,Chandler,1st,HIM/Incomplete Records,,,,,,
Madison,877 Jeferson Ave,HP,LJ M401,PHGDC07303,MEMP01101,34804,,34804,10.213.42.185,Networked,,Chandler,1st,HIM/Incomplete Records,,,,,,
Madison,877 Jeferson Ave,HP,LJ M402,JPBDY10422,MEMP01057,11721,,11721,N/A,Local,,Chandler,1st,HIM/Director,,,,,,
Madison,877 Jeferson Ave,HP,LJP2055DN,CNBJ646846,MPS07026,153567,,153567,10.213.42.10,Networked,,Chandler,1st,HIM/Coordinator Office,,,,,,
Madison,877 Jeferson Ave,HP,LJP2055DN,JPBF965857,MPS07181,16350,,16350,10.213.42.134,Networked,,Chandler,1st,HIM/Coordinator Office,,,,,,
Madison,877 Jeferson Ave,HP,LJ M401,VNB3205669,MEMP01102,91082,,91082,10.213.42.183,Networked,,Chandler,1st,HIM/Manager Office,,,,,,
Madison,877 Jeferson Ave,HP,LJP2055DN,CNBJ646843,MPS07024,88445,,88445,10.213.42.12,Networked,,Chandler,1st,HIM/Admitting Center,,,,,,
Madison,877 Jeferson Ave,HP,LJP2055DN,CNBJ646849,MPS07025,126012,,126012,10.213.42.190,Networked,,Chandler,1st,HIM/Admitting Center,,,,,,
Madison,877 Jeferson Ave,HP,LJ M401,VNB3205659,MPS04779,22373,,22373,10.200.8.163,Networked,,Chandler,1st,HIM/Admitting Center,,,,,,
Madison,877 Jeferson Ave,HP,LJP2055DN,VNB3R21322,MPS07109,149053,,149053,10.213.42.233,Networked,,Chandler,1st,HIM/Admitting Center,,,,,,
Madison,877 Jeferson Ave,HP,LJ M401,VND3607132,MEMP01098,33797,,33797,10.213.42.180,Networked,,Chandler,1st,HIM/Admitting Center,,,,,,
Madison,877 Jeferson Ave,HP,LJ M401,PHGDF43816,MPS07321,95447,,95447,10.213.42.163,Networked,,Chandler,1st,HIM/Back Room,,,,,,
Madison,877 Jeferson Ave,HP,LJ M401,VNG3515502,MPS07123,36580,,36580,10.213.42.171,Networked,,Chandler,1st,HIM/Back Room,,,,,,
Madison,877 Jeferson Ave,HP,LJ M401,VNG4S16827,MPS07124,72928,,72928,10.213.42.99,Networked,,Chandler,1st,HIM/Back Room,,,,,,
Madison,877 Jeferson Ave,HP,LJ M401,PHGDF61551,MPS07122,35906,,35906,10.213.42.121,Networked,,Chandler,1st,HIM/Back Room,,,,,,
Madison,877 Jeferson Ave,HP,LJP2055DN,CNBJ550452,MPS07110,58624,,58624,10.213.42.31,Networked,,Chandler,1st,HIM/Back Room,,,,,,
Madison,877 Jeferson Ave,HP,LJ M451,CNDG161931,MPS07129,43428,,43428,10.213.42.34,Networked,,Chandler,1st,HIM/Senior Director,,,,,,
Madison,877 Jeferson Ave,HP,E52645DN,MXBCS3P0SP,MPS08484,2695,,2695,10.213.42.27,Networked,,Chandler,1st,HIM,,,,,,
Madison,877 Jeferson Ave,HP,LJ M401,VNG3F46541,MPS07125,79909,,79909,10.213.42.14,Networked,,Chandler,1st,Medical Records,,,,,,
Madison,877 Jeferson Ave,HP,LJP2055DN,VNB3R21320,MPS07178,278385,,278385,10.213.42.130,Networked,,Chandler,1st,Medical Records,,,,,,
Madison,877 Jeferson Ave,HP,LJP2055DN,VNB3R21317,MPS07182,142086,,142086,10.213.42.7,Networked,,Chandler,1st,Medical Records,,,,,,
Madison,877 Jeferson Ave,HP,LJ M401,VND03606757,MEMP01112,21727,,21727,N/A,Local,,Chandler,1st,Security,,,,,,
Madison,877 Jeferson Ave,HP,LJ M451,CNDF201264,MPS07192,48195,,48195,10.213.98.252,Networked,,Chandler,1st,Security,,,,,,
Madison,877 Jeferson Ave,KMBS,B308E,AA6W011003734,MEM03353,284708,,284708,10.213.98.76,Networked,,Chandler,1st,Security,,,,,,
Madison,877 Jeferson Ave,HP,LJ M401,VNG3F10403,MEMP01104,7078,,7078,N/A,Local,,Chandler,1st,Palliative? Care,,,,,,
Madison,877 Jeferson Ave,HP,LJ M521,CNB7GCCLTZ,MPS07193,10342,,10342,10.213.26.60,Networked,,Chandler,1st,Palliative? Care,,,,,,
Madison,,LEXMARK,X5796E,75620294009Y2,FLEX-R21253,,,,,Networked,*Not in EA,Chandler,1st,Palliative? Care,,,,,,
Madison,877 Jeferson Ave,HP,LJ M404,PHDBB34466,MPS13579,8111,,8111,N/A,Local,*Not Being Used,Chandler,1st,Radiology/File Room,,,,,,
Madison,877 Jeferson Ave,HP,LJ M527,MXNCL8Q112,MPS07556,38732,,38732,10.213.98.69,Networked,,Chandler,1st,Radiology/File Room,,,,,,
Madison,,HP,M479fdw,CNCRQ5W2GV,MPS08625,261,886,1147,,Networked,*Not in EA,Chandler,1st,Radiology/Reading Room,,,,,,
Madison,,HP,Pro M402n,PHBHG14163,MPS08624,1031,,1031,N/A,Local,*Not in EA,Chandler,1st,F127C/Cardiology,,,,,,
Madison,877 Jeferson Ave,HP,LJ M401,PHGDF61539,MPS07785,12862,,12862,10.213.26.14,Networked,,Chandler,1st,Trauma/Admin,,,,,,
Madison,877 Jeferson Ave,HP,LJ M527,MXNCL8Q0YR,MPS07546,,,,10.213.26.13,Networked,,Chandler,1st,Trauma/Executive Assistant,,,,,,
Madison,877 Jeferson Ave,HP,LJ M452,VNB3B13547,MEMP00183,26137,,26137,10.213.26.11,Networked,,Chandler,1st,Trauma/Admin,,,,,,
Madison,877 Jeferson Ave,KMBS,B308E,AA6W011002896,MEM03299,,,245069,10.213.26.16,Networked,,Chandler,1st,Trauma/Admin,,,,,,
Madison,877 Jeferson Ave,KMBS,B287,A7AH017000657,MC0169,116902,,116902,10.213.10.12,Networked,,Chandler,Ground,Police Holding,,,,,,
Madison,877 Jeferson Ave,HP,LJ M227,VNG3G20008,MEMP01747,10624,,10624,N/A,Local,,Chandler,Ground,MId South Transport,,,,,,
Madison,877 Jeferson Ave,HP,LJ M401,VND3606766,MPS08623,7640,,7640,10.213.10.250,Networked,*In EA as EQ47765,Chandler,Ground,Orthopedics,,,,,,
Madison,877 Jeferson Ave,HP,E40040dn,PHBCG48070,MPS08454,9734,,9734,10.213.10.124,Networked,,Chandler,Ground,FG019/Orthopedics,,,,,,
Madison,,HP,M377dw,VNB8J5L892,MPS07801,26047,50550,76597,169.254.23.126,Networked,*Not in EA,Chandler,Ground,Trauma/Research,,,,,,
Madison,877 Jeferson Ave,HP,LJ M527,MXNCL6F19M,MPS07460,7036,,7036,10.213.2.17,Networked,,Chandler,Basement,Pathology/Dr Murray,,,,,,
Madison,877 Jeferson Ave,HP,LJ M527,MXNCL8Q0ZP,MPS07660,44106,,44106,10.213.2.177,Networked,,Chandler,Basement,Transportation Services,,,,,,
Jefferson,877 Jeferson Ave,KMBS,B300i,AC77013006213,MEM08600,20179,,20179,10.213.2.32,Networked,,Jefferson,Basement,CPD,,,,,,
Jefferson,877 Jeferson Ave,HP,LJ M527,MXNCL6D1T3,MPS07555,25889,,25889,10.213.2.131,Networked,,Jefferson,Basement,CPD/Directors Office,,,,,,
Jefferson,877 Jeferson Ave,KMBS,B450i,AC76017007007,MEM08521,60375,,60375,10.213.2.127,Networked,,Jefferson,Basement,Food Services,,,,,,
Jefferson,,HP,M401n,PHGDG15267,MPS08622,10038,,10038,10.213.2.15,Networked,*Not in EA,Jefferson,Basement,EKG,,,,,,
Jefferson,877 Jeferson Ave,HP,LJ M527,MXNCL6P069,MPS07539,20320,,20320,10.216.2.25,Networked,,Jefferson,Basement,EKG,,,,,,
Jefferson,877 Jeferson Ave,HP,LJ M601,CNCCDBH1CP,MEMP01041,16777,,16777,N/A,Local,,Jefferson,Basement,Telecom,,,,,,
Jefferson,,HP,M401n,VNG4S12193,MPS08621,3456,,3456,10.212.10.10,Networked,*Not in EA,Jefferson,Basement,Telecom,,,,,,
Jefferson,877 Jeferson Ave,HP,LJ M401,PHGDD15410,MPS07083,44899,,44899,10.213.2.79,Networked,,Jefferson,Basement,Food Nutrition/Admin Office,,,,,,
Jefferson,877 Jeferson Ave,HP,LJ 3015,VNB3S35001,MEMP01044,63174,,63174,10.213.2.22,Networked,,Jefferson,Basement,Enviromental Services,,,,,,
Jefferson,877 Jeferson Ave,HP,LJ 1606,VND3H22414,MEMP01200,19924,,19924,N/A,Local,,Jefferson,Basement,Materials Management,,,,,,
Jefferson,877 Jeferson Ave,HP,LJ M712,CNDCGBY04V,MPS07088,159613,,159613,10.213.2.14,Networked,,Jefferson,Basement,Materials Management,,,,,,
Jefferson,877 Jeferson Ave,HP,LJ M401,VNG4615270,MPS07081,18701,,18701,10.213.2.254,Networked,,Jefferson,Basement,Supply Distribution/JB16A,,,,,,
Jefferson,877 Jeferson Ave,HP,LJ M527,MXNCL6D1RM,MPS07541,65339,,65339,10.213.2.24,Networked,,Jefferson,Basement,Supply Distribution/JB16A,,,,,,
Jefferson,877 Jeferson Ave,HP,LJ M404,PHDCG03744,MPS07794,,,,10.213.2.57,Networked,*In EA as EQ54055,Jefferson,Basement,Recieving,,,,,,
Jefferson,877 Jeferson Ave,HP,LJ M401,VNG3F47922,MPS07127,65269,,65269,N/A,Local,,Jefferson,Ground,MRI/Managers Office,,,,,,
Jefferson,,HP,M283fdw,VNBRR2L39B,MPS07814,681,1265,1946,10.213.98.12,Networked,*Not in EA,Jefferson,Ground,MRI/Managers Office,,,,,,
Jefferson,877 Jeferson Ave,KMBS,C550i,AA7P017708754,MEM08572,11002,3349,15836,10.212.26.22,Networked,,Jefferson,Ground,ED/Bed Control,,,,,,
Jefferson,877 Jeferson Ave,HP,LJ M601,CNCCF1H31R,MPS07074,76342,,76342,10.212.26.11,Networked,,Jefferson,Ground,ED/RAZ,,,,,,
Jefferson,,HP,LJ 2200D,CNDRC64481,MPS08620,,,,N/A,Local,*Not in EA,Jefferson,Ground,G112,,,,,,
Jefferson,877 Jeferson Ave,KMBS,B650i,AC74017702331,MEM08556,1632,,1632,10.212.26.36,Networked,,Jefferson,Ground,ED,,,,,,
Jefferson,877 Jeferson Ave,KMBS,B650i,AC74017702340,MEM08555,59193,,59193,10.212.26.18,Networked,,Jefferson,Ground,ED,,,,,,
Jefferson,877 Jeferson Ave,KMBS,B308E,AA6W011003037,MEM03325,341597,,341597,10.212.26.25,Networked,,Jefferson,Ground,Registration,,,,,,
Jefferson,877 Jeferson Ave,KMBS,C550i,AA7P017708678,MEM08557,32028,22279,54329,10.212.26.13,Networked,,Jefferson,Ground,Registration,,,,,,
Jefferson,877 Jeferson Ave,KMBS,B450i,AC76017007053,MEM08537,2549,,2549,10.215.10.215,Networked,,Jefferson,Ground,TICU,,,,,,
Jefferson,877 Jeferson Ave,HP,LJ M401,PHGDG73313,MEMP00160,10435,,10435,10.212.34.15,Networked,,Jefferson,Ground,CCA,,,,,,
Jefferson,76 S Houston Levee Rd,BROTHER,HL-L5100dn,U64219L6N478483,MPS08552,,,,192.168.6.82,Networked,*Attatched meter sheet is for a KM B650i AC74017702388,Jefferson,Ground,CCA,,,,,,
Jefferson,877 Jeferson Ave,HP,LJ M401,PHGDC07295,MEMP01103,47144,,47144,10.212.26.20,Networked,,Jefferson,Ground,Trauma/X-Ray,,,,,,
Jefferson,877 Jeferson Ave,HP,LJ M451,CNDF301846,MPS07318,,,,10.200.11.56,Networked,,Jefferson,Ground,Blood Bank,,,,,,
Jefferson,877 Jeferson Ave,HP,E62655DN,MXSCS43145,MPS08474,,,,10.212.26.30,Networked,,Jefferson,Ground,Blood Bank,,,,,,
Jefferson,877 Jeferson Ave,HP,E60155DN,PHNC10IH8W,MPS08247,174863,,174863,10.212.26.29,Networked,,Jefferson,Ground,Blood Bank,,,,,,
Jefferson,877 Jeferson Ave,HP,LJ M281,VNBNM6X35C,MPS07740,817,2612,3429,10.211.218.14,Networked,*In EA as EQ47708,Adams,Basement,Tyler's Office,,,,,,
890 Madison,877 Jeferson Ave,HP,E52645DN,MXBCS4P04R,MPS08471,1230,,1230,10.215.34.119,Networked,*In EA as EQ47700,Turner,2nd,Extended Care,,,,,,
890 Madison,877 Jeferson Ave,HP,LJ 2200,CNDRH03079,MPS07369,,,,10.215.26.97,Networked,,Turner,2nd,Medcom #206,,,,,,
890 Madison,877 Jeferson Ave,HP,LJ M401,VNG4612183,MPS07067,75833,,75833,10.215.26.115,Networked,,Turner,2nd,Inpatient Pharmacy #205,,,,,,
890 Madison,877 Jeferson Ave,HP,LJ M451,CNDF284870,MPS07151,53287,,53287,10.215.26.45,Networked,,Turner,2nd,Inpatient Pharmacy,,,,,,
890 Madison,877 Jeferson Ave,HP,LJ M401,VNG3F10404,MPS07153,143869,,143869,10.215.26.17,Networked,,Turner,2nd,Inpatient Pharmacy #209,,,,,,
890 Madison,877 Jeferson Ave,HP,LJ4200,CNDX500656,MPS07154,,,,10.215.26.8,Networked,,Turner,2nd,Inpatient Pharmacy #247,,,,,,
890 Madison,877 Jeferson Ave,HP,LJ M404,VND3F08329,MPS08235,35694,,35694,10.215.26.10,Networked,,Turner,2nd,Inpatient Pharmacy,,,,,,
890 Madison,877 Jeferson Ave,HP,LJ M401,VND3607141,MPS07157,4025,,4025,10.215.26.184,Networked,,Turner,2nd,Inpatient Pharmacy #221,,,,,,
890 Madison,877 Jeferson Ave,HP,LJ M601,CNCCF1G3ZB,MPS07152,77294,,77294,10.215.26.11,Networked,,Turner,2nd,Inpatient Pharmacy #218,,,,,,
890 Madison,877 Jeferson Ave,HP,LJ M521,CNB7J7N6T1,MPS07158,25714,,25714,10.215.26.204,Networked,,Turner,2nd,Inpatient Pharmacy #220,,,,,,
890 Madison,877 Jeferson Ave,HP,LJ M402,PHBHG14184,MPS07201,147731,,147731,10.215.26.13,Networked,,Turner,2nd,Inpatient Pharmacy #217,,,,,,
890 Madison,877 Jeferson Ave,LEXMARK,OPTRA T610,45147GHH46KV2,MEMP01093,228233,,228233,N/A,Local,,Turner,2nd,Inpatient Pharmacy,,,,,,
890 Madison,877 Jeferson Ave,HP,E62655DN,MXSCS430V7,MPS08480,4589,,4589,10.215.42.216,Networked,,Turner,3rd,Inpatient Rehab Front Desk,,,,,,
890 Madison,877 Jeferson Ave,HP,LJ M454,VNB3D54923,MPS08232,2046,1729,3775,10.215.42.154,Networked,,Turner,3rd,Inpatient Rehab Medical Director,,,,,,
890 Madison,877 Jeferson Ave,HP,LJ M401,VNG4S13310,MPS07107,54678,,54678,10.215.42.226,Networked,,Turner,3rd,Inpatient Rehab Admissions,,,,,,
890 Madison,877 Jeferson Ave,HP,LJ M401,VNG4612191,MEMP01054,26135,,26135,N/A,Local,,Turner,3rd,Inpatient Rehab Therapy Manager,,,,,,
890 Madison,877 Jeferson Ave,HP,LJ M452,VNB3B38989,MPS07813,46675,,46675,N/A,Local,,Turner,4th,Extended Care Front Desk Office,,,,,,
890 Madison,877 Jeferson Ave,HP,LJ M227,VNG3G74456,MPS07812,37189,,37189,N/A,Local,,Turner,4th,Extended Care Case Manager,,,,,,
880 Madison,877 Jeferson Ave,HP,LJP2035,CNB9G47188,MEMP01130,50145,,50145,N/A,Local,,Medplex,3rd,ASC Staff,,,,,,
880 Madison,877 Jeferson Ave,HP,E55040dn,JPBCP210N3,MPS07787,3240,6776,10016,10.216.42.10,Networked,,Medplex,3rd,#3C05,,,,,,
880 Madison,877 Jeferson Ave,HP,LJ M401,PHGDC07617,MEMP01224,,,,N/A,Local,*No Power,Medplex,3rd,#3C06,,,,,,
880 Madison,877 Jeferson Ave,HP,LJ M281,VNBNLD65SH,MEMP01850,6153,6933,13086,N/A,Local,,Medplex,4th,#4C05,,,,,,
880 Madison,877 Jeferson Ave,HP,LJ P3005,CNB1N03008,MEMP01138,45333,,45333,10.216.58.202,Networked,,Medplex,4th,#4C28,,,,,,
880 Madison,877 Jeferson Ave,HP,LJ M404,PHBB200057,MEMP01228,32222,,32222,N/A,Local,,Medplex,4th,#4C28,,,,,,
880 Madison,877 Jeferson Ave,HP,LJ 3015,VNB3S34589,MPS07244,44130,,44130,10.216.58.138,Networked,,Medplex,4th,#4C28,,,,,,
880 Madison,877 Jeferson Ave,HP,LJ 3015,VNB3S35004,MPS07248,115854,,115854,10.216.66.140,Networked,,Medplex,4th,#4D16,,,,,,
880 Madison,877 Jeferson Ave,HP,M506N,PHBGR89885,MPS07247,30282,,30282,10.216.66.139,Networked,,Medplex,4th,#4D18,,,,,,
880 Madison,877 Jeferson Ave,HP,LJ M401,VNG3F10405,MPS07254,53663,,53663,10.216.58.21,Networked,,Medplex,4th,#4E25,,,,,,
880 Madison,877 Jeferson Ave,HP,LJ M521,CNB7H6DFWM,MEMP01137,86273,,86273,10.216.58.192,Networked,,Medplex,4th,#4E26,,,,,,
880 Madison,877 Jeferson Ave,KMBS,B300i,AC78013005365,MEM08817,,,,10.216.58.13,Networked,,Medplex,4th,#4E18,,,,,,
880 Madison,877 Jeferson Ave,HP,M506N,PHBGT04317,MPS07783,73310,,73310,10.216.58.123,Networked,*In EA as EQ61488,Medplex,4th,Hall,,,,,,
880 Madison,877 Jeferson Ave,HP,LJ M604,CNBCH6Q1YB,MPS07770,5004,,5004,10.216.66.11,Networked,,Medplex,4th,,,,,,,
880 Madison,877 Jeferson Ave,HP,LJ3015N,VNB3S34589,MPS07244,,,,10.216.58.138,Networked,,Medplex,4th,#4D42,,,,,,
880 Madison,877 Jeferson Ave,KMBS,B308E,AA6W011003014,MEM03281,,,,10.216.66.10,Networked,,Medplex,4th,#4D42,,,,,,
880 Madison,877 Jeferson Ave,HP,LJP2015,CNBJL08614,MEMP01141,,,,10.216.66.12,Networked,,Medplex,4th,#4D42,,,,,,
880 Madison,877 Jeferson Ave,HP,LJ M402,PHBHC15855,MEMP01139,33560,,33560,10.200.9.95,Networked,,Medplex,4th,#4C02,,,,,,
880 Madison,76 S Houston Levee Rd,HP,LJ M451,CNDG132205,MPS08546,25995,,25995,192.168.6.126,Networked,,Medplex,4th,#4C04,,,,,,
880 Madison,877 Jeferson Ave,HP,M506N,PHBGR89880,MPS07256,121333,,121333,10.216.58.196,Networked,,Medplex,4th,Front Desk,,,,,,
880 Madison,877 Jeferson Ave,KMBS,B300i,AC78013006801,MEM08812,,,,10.216.58.25,Networked,,Medplex,4th,Surgery Specialty,,,,,,
880 Madison,877 Jeferson Ave,KMBS,B300i,AC77013006317,MEM08591,,,,10.216.58.128,Networked,,Medplex,4th,Front Desk,,,,,,
880 Madison,1324 Wolf Park Dr,HP,LJ M553,JPCCN9K1JS,MEM08473,6452,,6452,10.128.61.245,Networked,,Medplex,4th,#4F01,,,,,,
880 Madison,877 Jeferson Ave,HP,LJ M404,VND3C05196,MPS08230,26469,,26469,10.216.58.17,Networked,,Medplex,4th,#4E40,,,,,,
880 Madison,877 Jeferson Ave,HP,LJ M401,PHGDC44703,MEMP01144,56699,,56699,N/A,Local,,Medplex,3rd,#3E99,,,,,,
880 Madison,880 Madison Ave STE B401,HP,LJ M401,PHGDG35635,MPS07250,34839,,34839,10.216.98.108,Networked,,Medplex,3rd,#3E99,,,,,,
880 Madison,877 Jeferson Ave,HP,LJ M401,PHGDF43782,MPS07264,221023,,221023,10.216.98.119,Networked,,Medplex,3rd,#3E105,,,,,,
880 Madison,877 Jeferson Ave,HP,LJ M402,PHBHD02044,MPS07262,126190,,126190,10.216.98.107,Networked,,Medplex,3rd,#3E22,,,,,,
880 Madison,877 Jeferson Ave,HP,LJ M401,PHGDG15261,MPS07265,70835,,70835,10.216.98.3,Networked,,Medplex,3rd,Front Desk,,,,,,
880 Madison,877 Jeferson Ave,KMBS,C308,A7PY017011316,MEM03445,,,,10.216.42.105,Networked,,Medplex,3rd,#3E13,,,,,,
880 Madison,6555 Quince Rd,KMBS,C550i,AA7P017708767,MEM08810,,,,10.216.98.117,Networked,,Medplex,3rd,Front Desk,,,,,,
880 Madison,877 Jeferson Ave,HP,LJ M401,PHGDG35640,MPS07266,1096,,1096,10.216.98.121,Networked,,Medplex,3rd,#3E65,,,,,,
880 Madison,,KMBS,C308,A7PX017010151,MPS07389,,,,10.216.98.115,Networked,*Not in EA,Medplex,3rd,#3E59,,,,,,
880 Madison,877 Jeferson Ave,HP,LJ M401,PHGDF43781,MEMP01145,,,,N/A,Local,,Medplex,3rd,#3E78,,,,,,
880 Madison,877 Jeferson Ave,HP,LJ M401,PHGDG35444,MPS07270,272282,,272282,10.216.98.125,Networked,,Medplex,3rd,#3E76,,,,,,
880 Madison,877 Jeferson Ave,HP,LJ M401,PHGDF43810,MPS07269,48283,,48283,10.216.50.12,Networked,,Medplex,3rd,#3D15,,,,,,
880 Madison,877 Jeferson Ave,HP,LJ M401,PHGDD15370,MPS07776,94793,,94793,10.216.50.126,Networked,,Medplex,3rd,#3D07,,,,,,
880 Madison,877 Jeferson Ave,KMBS,C300i,AA2J013012345,MEM08570,,,,10.216.50.123,Networked,,Medplex,3rd,#3D03,,,,,,
880 Madison,877 Jeferson Ave,HP,LJ M601,CNCCF1F2S3,MPS07199,97116,,97116,10.216.98.118,Networked,,Medplex,3rd,#3F09,,,,,,
880 Madison,877 Jeferson Ave,HP,LJ M604,CNBCHBM29W,MPS08588,39670,,39670,10.216.42.85,Networked,*In EA as EQ47795,Medplex,3rd,#3A08,,,,,,
880 Madison,877 Jeferson Ave,HP,LJ M521,CNB7J8R6T7,MPS07261,249340,,249340,10.216.42.43,Networked,,Medplex,3rd,#3A08,,,,,,
880 Madison,,HP,LJM255dw,VNB3S67014,MPS08603,1289,3378,4667,N/A,Local,*Not in EA,Medplex,3rd,#43,,,,,,
880 Madison,877 Jeferson Ave,HP,LJ M527,MXNCL750KW,MPS07723,52827,,52827,10.216.42.160,Networked,,Medplex,3rd,#3C03,,,,,,
880 Madison,877 Jeferson Ave,HP,LJ M404,PHBB200157,MEMP01841,24796,,24796,10.212.80.47,Networked,,Medplex,3rd,#3C02,,,,,,
880 Madison,877 Jeferson Ave,HP,LJ 3015,VNBCB9S1HN,MEMP01133,46875,,46875,N/A,Local,,Medplex,3rd,ACS Staff,,,,,,
880 Madison,877 Jeferson Ave,HP,LJ M401,PHGDC03104,MEMP01131,11931,,11931,N/A,Local,,Medplex,,,,,,,,
880 Madison,,HP,LJ M402,PHBHG14187,MPS08604,3016,,3016,N/A,Local,*Not in EA,Medplex,3rd,#3C10,,,,,,
880 Madison,,HP,LJ M401,PHGDD67665,MEMP01743,23773,,23773,N/A,Local,*Not in EA,Medplex,3rd,#3E92,,,,,,
880 Madison,877 Jeferson Ave,HP,LJ M401,PHGDF43780,MPS07263,105535,,105535,10.216.98.120,Networked,,Medplex,3rd,#3E45,,,,,,
880 Madison,877 Jeferson Ave,HP,LJ 2420,CNGKJ05968,MPS07359,99346,,99346,10.216.18.211,Networked,,Medplex,1st,Diabetes Class,,,,,,
880 Madison,877 Jeferson Ave,HP,LJ M401,VNG4S16823,MEMP01151,39208,,39208,10.216.18.94,Networked,,Medplex,1st,IPD,,,,,,
880 Madison,877 Jeferson Ave,HP,LJ M401,VNG4612199,MPS08595,1352,,1352,10.215.2.155,Networked,*In EA as EQ47707,Detection,1st,Ward Office,,,,,,
880 Madison,877 Jeferson Ave,HP,LJ M401,PHGDC08271,MPS07378,32606,,32606,10.215.2.14,Networked,*In EA as EQ47743,Turner,1st,BE53,,,,,,
880 Madison,877 Jeferson Ave,HP,E52645DN,MXBCS4P068,MPS08494,1076,,1076,10.215.2.16,Networked,,Turner,1st,B059,,,,,,
880 Madison,,KMBS,C308,A7PY017009968,MEM03224,,,,10.216.18.14,Networked,,Medplex,1st,IC04,,,,,,
880 Madison,877 Jeferson Ave,HP,LJCP2025dn,CNGS381998,MEMP01127,29012,,29012,10.200.10.132,Networked,,Medplex,5th,#5B15,,,,,,
880 Madison,877 Jeferson Ave,HP,LJ M479,CNCRP1K522,MPS07792,11675,16656,28331,10.216.74.193,Networked,,Medplex,5th,#5B14,,,,,,
880 Madison,877 Jeferson Ave,HP,LJ M451,CNDG21154A,MEMP01135,25539,,25539,N/A,Local,,Medplex,5th,#5B21,,,,,,
880 Madison,877 Jeferson Ave,KMBS,B308E,AA6W011003354,MEM03219,,,,10.216.74.219,Networked,,Medplex,5th,#5B20,,,,,,
880 Madison,880 Madison Ave STE B401,HP,LJ M401,VND3606760,MPS07214,,,,10.216.74.131,Networked,,Medplex,5th,,,,,,,
880 Madison,877 Jeferson Ave,HP,LJP2035,CNB9G47193,MEMP01134,,,,N/A,Local,,Medplex,5th,,,,,,,
880 Madison,877 Jeferson Ave,HP,LJP2035,CNB9G47194,MEMP01136,,,,N/A,Local,,Medplex,5th,,,,,,,
880 Madison,877 Jeferson Ave,KMBS,B308E,AA6W011003605,MEM03215,,,,10.216.74.56,Networked,,Medplex,5th,,,,,,,
880 Madison,877 Jeferson Ave,HP,E42540f,CNBRQ1Q5GM,MPS08307,119673,,119673,10.216.74.13,Networked,,Medplex,5th,,,,,,,
880 Madison,877 Jeferson Ave,HP,LJ M401,PHGDG15258,MEMP01129,39728,,39728,10.216.74.148,Networked,,Medplex,5th,,,,,,,
880 Madison,877 Jeferson Ave,HP,LJ 3015,VNB3S34585,MPS07239,368481,,368481,10.216.82.121,Networked,,Medplex,5th,#5C90,,,,,,
880 Madison,877 Jeferson Ave,HP,LJ M521,CNB7HCF0KL,MPS07105,104403,,104403,10.216.82.12,Networked,,Medplex,5th,#5C64,,,,,,
880 Madison,877 Jeferson Ave,HP,E45028dn,VND3P01937,MPS08251,847,818,1665,10.216.82.10,Networked,,Medplex,5th,#5C63,,,,,,
880 Madison,877 Jeferson Ave,HP,LJ 3015,VNB3S34582,MPS07232,130495,,130495,10.216.74.42,Networked,,Medplex,5th,#5C14,,,,,,
880 Madison,877 Jeferson Ave,HP,LJ M401,PHGDF61541,MEMP01748,21549,,21549,N/A,Local,,Medplex,5th,#5C40,,,,,,
880 Madison,880 Madison Ave STE B401,HP,3101fdw,VND3F06163,MPS13581,15406,,15406,10.216.74.16,Networked,,Medplex,5th,Clinical Pharmacy Office,,,,,,
880 Madison,877 Jeferson Ave,KMBS,B308E,AA6W011002750,MEM03276,,,,10.216.82.236,Networked,,Medplex,5th,#5C65,,,,,,
880 Madison,877 Jeferson Ave,HP,E60155DN,CNMCM6D049,MPS07650,29472,,29472,10.216.74.159,Networked,,Medplex,5th,#5C116,,,,,,
880 Madison,877 Jeferson Ave,HP,LJ 1505,VND3H70879,MEMP01216,,,,N/A,Local,,Medplex,5th,#5C116,,,,,,
880 Madison,877 Jeferson Ave,KMBS,B300i,AC78013006710,MEM08527,,,,10.216.74.76,Networked,,Medplex,5th,Front Desk,,,,,,
880 Madison,877 Jeferson Ave,KMBS,B300i,AC78013006794,MEM08548,,,,10.216.74.27,Networked,,Medplex,5th,Middle Desk,,,,,,
880 Madison,877 Jeferson Ave,HP,LJ 3015,VNB3S35003,MPS07259,165710,,165710,10.216.58.11,Networked,,Medplex,4th,Hall,,,,,,
880 Madison,877 Jeferson Ave,HP,LJ M404,VND3F08334,MPS08236,6239,,6239,10.216.58.19,Networked,,Medplex,4th,#4B41,,,,,,
880 Madison,877 Jeferson Ave,HP,M506N,PHBGR98328,MPS07736,16128,,16128,10.216.58.16,Networked,,Medplex,4th,#4B13,,,,,,
880 Madison,890 Jeferson Ave,HP,E42540f,CNBRR6T3NR,MPS08416,8454,,8454,10.216.58.10,Networked,,Medplex,4th,,,,,,,
880 Madison,877 Jeferson Ave,HP,E42540f,CNBRQ1Q5FY,MPS08351,50103,,50103,10.216.58.23,Networked,,Medplex,4th,#4B27,,,,,,
880 Madison,877 Jeferson Ave,HP,LJ M401,VNG3F47557,MPS07119,215034,,215034,10.202.34.21,Networked,,Medplex,4th,#4B26,,,,,,
880 Madison,877 Jeferson Ave,HP,LJ M404,VND3C01526,MPS08231,,,,10.216.58.12,Networked,,Medplex,4th,,,,,,,
880 Madison,877 Jeferson Ave,KMBS,B300i,AC78013002968,MEM06826,,,,10.216.58.14,Networked,,Medplex,4th,,,,,,,
880 Madison,877 Jeferson Ave,HP,E42540f,CNBRS3L6YZ,MPS08497,1523,,1523,10.216.58.24,Networked,,Medplex,4th,#4B07,,,,,,
880 Madison,877 Jeferson Ave,HP,LJ M479,MXBCNB5288,MPS07768,22908,44410,67318,10.216.58.15,Networked,,Medplex,4th,#4B08,,,,,,
880 Madison,877 Jeferson Ave,HP,E47528f,CNCRQ4B00Q,MPS08346,10399,14936,25335,10.216.58.22,Networked,,Medplex,4th,#4B06,,,,,,
880 Madison,877 Jeferson Ave,HP,E52645DN,MXBCR350RT,MPS08369,,,,10.216.18.15,Networked,,Medplex,1st,#1E02,,,,,,
880 Madison,877 Jeferson Ave,KMBS,B308E,AA6W011003395,MEM03199,,,,10.216.18.39,Networked,,Medplex,1st,Outside of IC04,,,,,,
880 Madison,877 Jeferson Ave,HP,LJ 1536,CNG8G7KK1L,MEMP01836,,,,10.200.165.189,Networked,,Medplex,5th,#5B03,,,,,,
880 Madison,880 Madison Ave STE B401,HP,LJ M227,VNB3T16926,MEMP01208,,,,10.216.74.127,Networked,,Medplex,5th,Infusion Suite,,,,,,
880 Madison,877 Jeferson Ave,HP,LJ M479,CNCRP1K50X,MPS07791,,,,10.216.74.132,Networked,,Medplex,5th,,,,,,,
880 Madison,877 Jeferson Ave,HP,LJ 3015,VNB3S34997,MPS07240,,,,10.216.82.128,Networked,,Medplex,5th,#5C90,,,,,,
880 Madison,877 Jeferson Ave,HP,LJ 3015,VNB3S34997,MPS07240,,,,N/A,Local,,Medplex,5th,,,,,,,
880 Madison,1064 Breedlove St,HP,LJ M401,VNG3F58294,MPS07375,29646,,29646,N/A,Local,,Medplex,5th,,,,,,,
880 Madison,877 Jeferson Ave,HP,LJ 3015,VNB3S34588,MPS07236,,,,10.216.82.114,Networked,,Medplex,5th,#5C55,,,,,,
880 Madison,877 Jeferson Ave,HP,LJ M451,CNBH205983,MPS07796,8705,,8705,10.215.10.252,Networked,*In EA as EQ47704,Turner,1st,#TG031,,,,,,
880 Madison,877 Jeferson Ave,HP,LJ M401,VNG615261,MEMP01125,6607,,6607,N/A,Local,,Medplex,5th,#5C115,,,,,,
880 Madison,877 Jeferson Ave,KMBS,B300i,AC77013004378,MEM08551,,,,10.216.74.28,Networked,,Medplex,5th,#5C07/Patient Checkout,,,,,,
880 Madison,877 Jeferson Ave,HP,3101fdw,VND3F03603,MPS13578,1803,,1803,10.216.82.12,Networked,,Medplex,5th,#5C103,,,,,,
880 Madison,877 Jeferson Ave,HP,LJ 3015,VNB3S34586,MPS07233,,,,10.216.74.64,Networked,,Medplex,5th,#5C19,,,,,,
880 Madison,6555 Quince Rd,HP,LJ M401,PHGDD62517,MPS08034,101941,,101941,10.216.82.71,Networked,,Medplex,5th,#5C55,,,,,,
880 Madison,877 Jeferson Ave,HP,E40040,PHBCG17757,MPS08600,,,,10.216.74.14,Networked,*In EA as MPS08357,Medplex,5th,#5B03,,,,,,
880 Madison,877 Jeferson Ave,KMBS,B300i,AC78013006755,MEM08529,,,,10.216.74.214,Networked,,Medplex,5th,#5B03,,,,,,
880 Madison,877 Jeferson Ave,HP,LJP2035,CNB9G47199,MEMP01120,,,,N/A,Local,,Medplex,5th,#5B16,,,,,,
880 Madison,877 Jeferson Ave,HP,LJ 1505,CNBK334813,MEMP01123,,,,N/A,Local,,Medplex,1st,IC24,,,,,,
880 Madison,877 Jeferson Ave,HP,LJ M404,PHBBK01397,MPS07724,,,,N/A,Local,,Medplex,3rd,,,,,,,
880 Madison,877 Jeferson Ave,KMBS,C308,A7PY017011501,MEM03403,,,,10.216.98.207,Networked,,Medplex,3rd,,,,,,,
880 Madison,877 Jeferson Ave,HP,E40040dn,PHBCG49646,MPS08459,,,,10.216.26.25,Networked,,Medplex,2nd,#2F04,,,,,,
880 Madison,877 Jeferson Ave,HP,LJ 3015,VNB3S34591,MPS07274,,,,10.216.26.143,Networked,,Medplex,2nd,#2F10,,,,,,
880 Madison,877 Jeferson Ave,KMBS,B300i,AC78013006792,MEM08597,,,,10.216.26.53,Networked,,Medplex,2nd,Lab,,,,,,
880 Madison,877 Jeferson Ave,HP,LJ M402,PHBH703941,MEMP01192,298313,,298313,N/A,Local,,Medplex,2nd,,,,,,,
880 Madison,877 Jeferson Ave,HP,LJ M404,PHBB200157,MEMP01841,,,,10.212.80.47,Networked,,Medplex,2nd,,,,,,,
880 Madison,877 Jeferson Ave,HP,LJ4250N,CNGXG28626,MEMP01147,,,,N/A,Local,,Medplex,2nd,Medical Research,,,,,,
880 Madison,877 Jeferson Ave,KMBS,C308,A7PY017010128,MEM03231,,,,10.216.34.186,Networked,,Medplex,2nd,,,,,,,
880 Madison,877 Jeferson Ave,HP,LJ M401,VNG4S12199,MEMP01146,48107,,48107,N/A,Local,,Medplex,2nd,,,,,,,
880 Madison,877 Jeferson Ave,HP,LJ M401,PHGDC07307,MPS07316,30062,,30062,10.215.26.56,Networked,,Medplex,2nd,,,,,,,
880 Madison,877 Jeferson Ave,HP,LJ M401,PHGDC07594,MEMP01152,38776,,38776,10.216.90.10,Networked,,Medplex,2nd,Physician Office,,,,,,
880 Madison,877 Jeferson Ave,HP,LJ P3015,VNB3S35000,MPS07278,,,,10.216.90.141,Networked,*In EA as EQ47690,Medplex,2nd,,,,,,,
880 Madison,877 Jeferson Ave,HP,LJ M401,VND3J00132,MPS07277,28812,,28812,10.216.90.145,Networked,,Medplex,2nd,,,,,,,
880 Madison,877 Jeferson Ave,HP,LJ M601,CNCCF1F2S8,MPS07276,,,,10.216.90.162,Networked,,Medplex,2nd,#2D02,,,,,,
,877 Jeferson Ave,HP,LJ M425,CNF8GBZ0Z3,MPS08607,,,,N/A,Local,*In EA as EQ47733,Medplex,2nd,#2613,,,,,,
,877 Jeferson Ave,KMBS,B308E,AA6W011003826,MEM03347,,,,10.216.26.164,Networked,,Medplex,2nd,#2615,,,,,,
,877 Jeferson Ave,HP,LJ M404,PHBB200167,MPS07352,,,,10.216.90.152,Networked,,Medplex,2nd,#2618,,,,,,
,877 Jeferson Ave,HP,LJ M401,PHGDG52916,MPS07226,,,,10.200.8.103,Networked,,Medplex,2nd,#2624,,,,,,
,877 Jeferson Ave,HP,LJ M401,VNG4S12329,MEMP01055,,,,10.216.26.10,Networked,,Medplex,2nd,#2601,,,,,,
,877 Jeferson Ave,KMBS,B308E,AA6W011003598,MEM03205,,,,10.216.26.98,Networked,,Medplex,2nd,Front Desk,,,,,,
,877 Jeferson Ave,KMBS,C308,A7PY017010118,MEM03283,,,,10.216.18.67,Networked,,Medplex,1st,#1B18/Care Coordination,,,,,,
,877 Jeferson Ave,HP,LJ M401,VNG4612186,MEMP01122,,,,10.216.18.13,Networked,,Medplex,1st,#1B20/Admin Ops,,,,,,
,877 Jeferson Ave,HP,LJ M521,CNB7H6XF82,MPS08030,,,,10.216.18.147,Networked,*In EA as MPS080030,Medplex,1st,#1B16,,,,,,
,877 Jeferson Ave,HP,LJ M426,PHBLL8D9QF,MPS07784,,,,10.216.18.161,Networked,,Medplex,1st,#1801,,,,,,
,877 Jeferson Ave,HP,LJ M402,PHBHH47575,MEMP01239,,,,N/A,Local,,Medplex,1st,,,,,,,
,877 Jeferson Ave,HP,LJ M401,PHGDG52932,MEMP01116,,,,N/A,Local,,Medplex,1st,,,,,,,
,877 Jeferson Ave,HP,LJ M601,CNCCDBH1CQ,MPS07218,,,,10.216.18.198,Networked,,Medplex,1st,,,,,,,
,877 Jeferson Ave,HP,LJ M401,PHGDC07301,MPS07221,,,,10.200.11.8,Networked,,Medplex,1st,,,,,,,
,877 Jeferson Ave,HP,LJ 2420,CNGJD45804,MEMP01117,,,,N/A,Local,,Medplex,1st,,,,,,,
,877 Jeferson Ave,HP,LJ M401,PHGDG52933,MEMP01118,,,,N/A,Local,,Medplex,1st,,,,,,,
,,LEXMARK,M5521,4600208424FB2,MPS13582,,,,N/A,Local,*Not in EA,Medplex,Ground,,,,,,,
,877 Jeferson Ave,HP,LJ M402,PHBHG14200,MPS07217,,,,10.216.10.11,Networked,,Medplex,Ground,,,,,,,
,877 Jeferson Ave,HP,E42540f,CNBRQ3ZC0L,MPS08356,,,,10.216.10.249,Networked,,Medplex,Ground,,,,,,,
,877 Jeferson Ave,HP,LJ M604,CNBCH6Q1VX,MPS04776,,,,10.216.10.218,Networked,,Medplex,Ground,,,,,,,
,877 Jeferson Ave,BROTHER,MFC-L9570cdw,U64647L1F761711,MPS08360,,,,10.216.2.12,Networked,,Medplex,Ground,,,,,,,
,877 Jeferson Ave,KMBS,B308E,AA6W011003595,MEM03214,,,,10.216.10.182,Networked,,Medplex,Ground,,,,,,,
880 Madison,877 Jeferson Ave,HP,LJ M601,CNCCF1F2RB,MPS07212,,,,10.216.2.14,Networked,,Medplex,Ground,,,,,,,
880 Madison,877 Jeferson Ave,HP,LJ M604,CNBCHBM2CC,MPS07322,,,,10.216.2.135,Networked,,Medplex,Ground,,,,,,,
880 Madison,877 Jeferson Ave,HP,LJ M527,MXNCL6D1VD,MPS07534,,,,10.213.2.35,Networked,,Medplex,Ground,,,,,,,
880 Madison,877 Jeferson Ave,HP,LJ M604,CNBCH38018,MPS07204,,,,10.216.10.89,Networked,,,,,,,,,,
880 Madison,877 Jeferson Ave,HP,LJ M604,CNBCH38026,MPS07205,,,,10.216.10.2,Networked,,,Ground,,,,,,,
880 Madison,877 Jeferson Ave,HP,LJ 3015,VNB3R72107,MEMP01113,,,,N/A,Local,,Medplex,Ground,,,,,,,
880 Madison,877 Jeferson Ave,HP,LJ M604,CNBCHBM2CM,MPS07207,,,,10.216.10.72,Networked,,Medplex,Ground,,,,,,,
880 Madison,6215 Humphreys Blvd,HP,LJ M401,VNG4S13304,MPS08656,30858,,30858,10.216.42.12,Networked,*In EA as MEMP00197,Medplex,3rd,Training Room,,,,,,
880 Madison,877 Jeferson Ave,HP,LJ M404,PHBBK01450,MPS07725,,,,N/A,Local,,Medplex,3rd,Storage Room,,,,,,
880 Madison,877 Jeferson Ave,HP,LJ M404,PHBBK01455,MPS07726,,,,N/A,Local,,Medplex,3rd,Storage Room,,,,,,
880 Madison,877 Jeferson Ave,HP,LJ 3015,VNB3S34581,MPS07220,,,,10.216.42.16,Networked,,Medplex,3rd,#3C22,,,,,,
880 Madison,3109 Walnut Grove Rd,HP,LJ M426,PHBLM12FJ9,MPS07380,,,,10.216.26.20,Networked,,Medplex,2nd,#2F13/Physician Office,,,,,,
880 Madison,877 Jeferson Ave,HP,LJ M477,VNBKK7L4D1,MPS07273,,,,10.216.26.155,Networked,,Medplex,2nd,#2F09,,,,,,
880 Madison,877 Jeferson Ave,HP,E47528f,CNCRQBD25Z,MPS08364,,,,10.216.26.12,Networked,,Medplex,2nd,#2F07,,,,,,
880 Madison,877 Jeferson Ave,HP,LJ 3015,VNB3138747,MPS07275,,,,10.216.24.16,Networked,,Medplex,2nd,#2E18,,,,,,
880 Madison,877 Jeferson Ave,HP,LJ M404,PHBB200057,MEMP01228,,,,N/A,Local,,Medplex,2nd,Back Office,,,,,,
880 Madison,877 Jeferson Ave,HP,LJ 3015,VNB3S38526,MPS07222,,,,10.216.26.184,Networked,,Medplex,2nd,,,,,,,
880 Madison,877 Jeferson Ave,HP,LJ M452,VND3M04959,MEMP01190,18294,,18294,N/A,Local,,Medplex,2nd,,,,,,,
880 Madison,374 Tribal Woods Rd,KMBS,C458,A79M011006830,MEM01149,125593,,125593,192.168.1.45,Networked,,Medplex,2nd,,,,,,,
880 Madison,877 Jeferson Ave,HP,LJ M401,VNG4S16825,MPS07272,17252,,17252,N/A,Local,,Medplex,2nd,VP of Quality,,,,,,
880 Madison,877 Jeferson Ave,KMBS,B308E,AA6W011003232,MEM03297,,,,10.216.34.10,Networked,,Medplex,2nd,,,,,,,
880 Madison,877 Jeferson Ave,KMBS,B308E,AA6W011003622,MEM03351,,,,10.215.26.55,Networked,,Medplex,2nd,#292E,,,,,,
880 Madison,877 Jeferson Ave,HP,LJ M401,VND3J00130,MEMP01153,7025,,7025,N/A,Local,,Medplex,2nd,Physicians Office,,,,,,
880 Madison,877 Jeferson Ave,HP,LJ M401,VND3J00118,MEMP01154,13832,,13832,N/A,Local,,Medplex,2nd,Dr. Mitchels Office,,,,,,
880 Madison,877 Jeferson Ave,HP,LJ M527,MXNCL6N270,MPS07448,,,,10.216.34.116,Networked,,Medplex,2nd,,,,,,,
880 Madison,877 Jeferson Ave,KMBS,B308E,AA6W011003609,MEM03209,,,,10.216.90.80,Networked,,Medplex,2nd,,,,,,,
880 Madison,877 Jeferson Ave,KMBS,C308,A7PY017010158,MEM03201,,,,127.0.0.1,Networked,,Medplex,2nd,#2E03,,,,,,
880 Madison,877 Jeferson Ave,HP,LJ M527,MXNCL6P066,MPS07554,,,,10.216.90.100,Networked,,Medplex,2nd,,,,,,,
880 Madison,877 Jeferson Ave,KMBS,B308E,AA6W011003454,MEM03203,,,,10.216.90.102,Networked,,Medplex,2nd,,,,,,,
880 Madison,877 Jeferson Ave,HP,LJ M604,CNBCH38025,MPS07773,,,,10.216.10.74,Networked,,,Ground,,,,,,,
880 Madison,877 Jeferson Ave,HP,LJ M604,CNBCH38022,MPS07213,,,,10.216.2.10,Networked,,Medplex,Ground,,,,,,,
880 Madison,877 Jeferson Ave,HP,E47528f,CNCRQBD28S,MPS08363,,,,10.216.10.177,Networked,,Medplex,Ground,#GE05,,,,,,
880 Madison,877 Jeferson Ave,HP,LJ M604,CNBCH38027,MPS07209,,,,10.216.10.85,Networked,,Medplex,Ground,,,,,,,
880 Madison,877 Jeferson Ave,HP,LJ M607,CNBCL5Z275,MPS07786,,,,10.216.10.57,Networked,,Medplex,Ground,OP-G/Pharmacy RX2,,,,,,
880 Madison,877 Jeferson Ave,HP,LJ M604,CNBCH3802D,MPS07208,,,,10.216.2.64,Networked,,Medplex,Ground,OP-G/Pharmacy RX2,,,,,,
880 Madison,877 Jeferson Ave,HP,LJ M604,CNBCH38020,MPS07210,,,,10.216.2.73,Networked,,Medplex,Ground,OP-G/Pharmacy RX3,,,,,,
880 Madison,877 Jeferson Ave,HP,LJ M604,CNBCHBM2DC,MPS07211,,,,10.216.2.68,Networked,,Medplex,Ground,OP-G/Pharmacy RX10,,,,,,
880 Madison,877 Jeferson Ave,HP,E62655DN,MXSCS430VP,MPS08470,,,,10.216.10.10,Networked,,Medplex,Ground,OP-G/Pharmacy Specialty,,,,,,
880 Madison,877 Jeferson Ave,HP,LJ M401,VND3604306,MPS07332,,,,10.216.2.187,Networked,,Medplex,Ground,Guest Services,,,,,,
880 Madison,877 Jeferson Ave,HP,HPLJ4101fdn,CNBRQ603CD,MPS13584,,,,10.216.2.19,Networked,,Medplex,Ground,,,,,,,
880 Madison,877 Jeferson Ave,HP,LJ 3015,VNB3S34584,MPS07216,,,,10.216.2.150,Networked,,Medplex,Ground,Ambulatory Clinical Coordinator,,,,,,
880 Madison,877 Jeferson Ave,HP,LJ M404,PHDCG11675,MPS08250,,,,10.216.2.11,Networked,,Medplex,Ground,,,,,,,
880 Madison,877 Jeferson Ave,BROTHER,MFC-L9570cdw,U64647L1F761711,MPS08360,,,,10.216.2.12,Networked,,Medplex,Ground,,,,,,,
880 Madison,877 Jeferson Ave,BROTHER,MFC-L9570cdw,U64647L1F761633,MPS08353,,,,10.216.2.17,Networked,,Medplex,Ground,OPG Blood REC,,,,,,
880 Madison,877 Jeferson Ave,HP,E40040dn,PHBCG10854,MPS08260,102771,,102771,10.216.2.18,Networked,,Medplex,Ground,OPG Blood REC Label,,,,,,
880 Madison,877 Jeferson Ave,HP,LJ M401,PHGDC55601,MEMP01115,,,,N/A,Local,,Medplex,1st,,,,,,,
880 Madison,877 Jeferson Ave,KMBS,B300i,AC77013006278,MEM08819,,,,10.216.18.31,Networked,,Medplex,1st,OP1 Call Center,,,,,,
880 Madison,877 Jeferson Ave,KMBS,B300i,AC78013006797,MEM08563,,,,10.216.18.183,Networked,,Medplex,1st,,,,,,,
880 Madison,,HP,Pro 8620,,,,,,,,*No ID or SN given,Medplex,1st,,,,,,,
880 Madison,877 Jeferson Ave,KMBS,B308E,AA6W011003365,MEM03221,,,,10.216.18.152,Networked,,Medplex,1st,,,,,,,
880 Madison,877 Jeferson Ave,HP,LJ M577,MXCCL7R0WY,MPS07391,,,,10.216.18.11,Networked,,Medplex,1st,#1B12,,,,,,
880 Madison,877 Jeferson Ave,HP,LJ M401,VNB3S20350,MEMP01150,,,,10.216.18.105,Networked,,Medplex,1st,#1B15,,,,,,
880 Madison,877 Jeferson Ave,HP,LJ M477,VNB8HCN8FC,MEMP01140,,,,N/A,Local,,Medplex,1st,#1B17,,,,,,
880 Madison,877 Jeferson Ave,HP,E45028dn,VND3P04067,MPS08362,,,,10.216.18.16,Networked,,Medplex,1st,#1B14,,,,,,
880 Madison,877 Jeferson Ave,HP,LJ M401,PHGDF61521,MEMP01121,,,,10.216.18.18,Networked,,Medplex,1st,#1B21,,,,,,
880 Madison,877 Jeferson Ave,HP,LJ M401,VNG3F10402,MPS07223,,,,10.216.26.37,Networked,,Medplex,2nd,Front Desk #2G01,,,,,,
880 Madison,877 Jeferson Ave,HP,LJ M401,VNG4612196,MPS07225,,,,10.216.26.192,Networked,,Medplex,2nd,#2G01,,,,,,
880 Madison,877 Jeferson Ave,HP,LJ M401,VNG4S12192,MPS07227,,,,10.216.26.233,Networked,,Medplex,2nd,#2G01,,,,,,
880 Madison,877 Jeferson Ave,XEROX,PHASER 3610,A4T533679,MPS07325,,,,10.216.26.24,Networked,,Medplex,2nd,#2G24,,,,,,
880 Madison,877 Jeferson Ave,HP,LJ M401,VNG4612187,MPS07228,,,,10.216.26.193,Networked,,Medplex,2nd,#2G19,,,,,,
880 Madison,877 Jeferson Ave,HP,LJ M527,MXNCL8Q0YM,MPS07465,,,,10.216.26.189,Networked,,Medplex,2nd,#2G20,,,,,,
880 Madison,877 Jeferson Ave,HP,M480,CNBRP3MD1B,MPS08229,,,,10.216.26.11,Networked,,Medplex,2nd,#2G13,,,,,,
,877 Jeferson Ave,HP,LJ M477,VNBKLBR687,MPS07559,,,,10.211.2.13,Networked,*Only given ID + Room. Other information pulled from EA,Adams,Basement,,,,,,,
,877 Jeferson Ave,HP,LJ CP5520,CNCCCBN02B,MPS08123,,,,10.211.2.12,Networked,*Only given ID + Room. Other information pulled from EA,Adams,Basement,Enigineer Signase?,,,,,,
,,Canon,Pro200,,,,,,,,*No ID or SN given,Adams,Basement,,,,,,,
,877 Jeferson Ave,HP,LJ M401,PHGDD15375,MEMP00158,,,,N/A,Local,*Only given ID + Room. Other information pulled from EA,Adams,Basement,Community Affairs Manager Office,,,,,,
,877 Jeferson Ave,HP,LJCP2025dn,CNGSC52680,MEMP00156,8363,11022,19385,N/A,Local,,Adams,Basement,,,,,,,
,877 Jeferson Ave,HP,LJ M452,VNB3B37905,MEMP00157,800,6182,6982,10.211.2.11,Networked,,Adams,Basement,,,,,,,
,,HP,LJP2055dn,CNBJ610738,MPS08651,59365,,59365,10.211.218.12,Networked,*Not in EA,Adams,Basement,IT Projects?,,,,,,
,877 Jeferson Ave,HP,LJ M401,VND3606777,MPS07390,,,,10.211.216.44,Networked,*Only given ID + Room. Other information pulled from EA,Adams,Basement,IT Breakfix?,,,,,,
,877 Jeferson Ave,HP,LJP2015DN,CNBJL57039,MPS08650,3341,,3341,10.211.2.189,Networked,*In EA as EQ47761,Adams,Basement,,,,,,,
,877 Jeferson Ave,HP,LJ M479,MXBCN1F10N,MPS08127,,,,10.211.0.51,Networked,*Only given ID + Room. Other information pulled from EA,Adams,Basement,,,,,,,
,877 Jeferson Ave,HP,LJ M451,CNDF246533,MPS07060,,,,10.211.210.25,Networked,*Only given ID + Room. Other information pulled from EA,Adams,Ground,,,,,,,
,877 Jeferson Ave,HP,E40040dn,PHBCG10895,MPS08352,,,,10.211.210.24,Networked,*Only given ID + Room. Other information pulled from EA,Adams,Ground,,,,,,,
,877 Jeferson Ave,HP,LJ M402,PHBHG01929,MPS07173,,,,10.211.202.42,Networked,*Only given ID + Room. Other information pulled from EA,Adams,Ground,IT Director/Angela,,,,,,
,,HP,LJM283fdw,VNBRQB30H0,MPS08655,,,,10.211.210.20,Networked,*Not in EA,Adams,Ground,,,,,,,
,877 Jeferson Ave,HP,LJ M451,CNB0103180,MPS04771,,,,10.211.42.204,Networked,*Only given ID + Room. Other information pulled from EA,Adams,Ground,Chief of Staff,,,,,,
,877 Jeferson Ave,HP,E47528f,CNBRP1HC0P,MPS08241,,,,10.211.42.11,Networked,*Only given ID + Room. Other information pulled from EA,Adams,Ground,,,,,,,
,877 Jeferson Ave,HP,LJ M402,JPBDY10432,MEMP01006,,,,10.211.42.153,Networked,*Only given ID + Room. Other information pulled from EA,Adams,Ground,,,,,,,
,877 Jeferson Ave,KMBS,C308,A7PY017010596,MEM03295,,,,10.211.42.57,Networked,*Only given ID + Room. Other information pulled from EA,Adams,Ground,,,,,,,
,,,,,MPS07130,,,,,,*Not in EA no SN provided,Adams,Ground,,,,,,,
,877 Jeferson Ave,HP,LJ M404,PHDCG12193,MPS08238,,,,10.211.42.12,Networked,*Only given ID + Room. Other information pulled from EA,Adams,Ground,,,,,,,
,877 Jeferson Ave,HP,LJ M401,VND3607143,MPS07131,,,,10.211.42.111,Networked,*Only given ID + Room. Other information pulled from EA,Adams,Ground,,,,,,,
,877 Jeferson Ave,HP,LJ M401,PHGDC55591,MPS07043,,,,10.211.42.88,Networked,*Only given ID + Room. Other information pulled from EA,Adams,Ground,AG65,,,,,,
,,HP,LJM402,PHBHB03755,MEMP01742,14411,,14411,N/A,Local,*Not in EA,,,,,,,,,
,877 Jeferson Ave,HP,LJ M451,CNDG212370,MEMP01007,26759,74386,101145,N/A,Local,,Adams,Ground,AG70 #1,,,,,,
,,HP,501,,MPS08654,,,,,,*Not in EA no SN provided,Adams,Ground,,,,,,,
,,HP,2300d,CNBDB51221,MPS08653,,,,,,*Not in EA,Adams,Ground,AG07,,,,,,
,6555 Quince Rd,HP,LJ M527,MXNCL6P05V,MPS07584,,,,10.211.210.18,Networked,*Only given ID + Room. Other information pulled from EA,Adams,Ground,,,,,,,
,877 Jeferson Ave,HP,LJP2055DN,CNBJ646851,MPS07003,,,,10.211.202.10,Networked,*Only given ID + Room. Other information pulled from EA,Adams,Ground,,,,,,,
,877 Jeferson Ave,HP,E60155DN,PHNC18DG4Y,MPS08243,,,,10.211.202.35,Networked,*Only given ID + Room. Other information pulled from EA,Adams,Ground,,,,,,,
,877 Jeferson Ave,HP,LJP2055DN,CNBJ646837,MPS07004,,,,10.211.202.15,Networked,*Only given ID(4 on one sheet). Other information pulled from EA,Adams,Ground,,,,,,,
,845 Adams Ave,HP,LJP2055DN,CBJ646832,MPS07005,,,,10.211.200.69,Networked,*Only given ID(4 on one sheet). Other information pulled from EA,Adams,Ground,,,,,,,
,842 Adams Ave,HP,LJ 4025,JPBCC5R13G,MPS07002,,,,10.211.202.18,Networked,*Only given ID(4 on one sheet). Other information pulled from EA,Adams,Ground,,,,,,,
,877 Jeferson Ave,HP,LJ M401,VNG4S13298,MPS07001,,,,10.211.202.17,Networked,*Only given ID(4 on one sheet). Other information pulled from EA,Adams,Ground,,,,,,,
,877 Jeferson Ave,KMBS,B650i,AC74017702293,MEM08565,,,,10.211.210.10,Networked,*Only given ID. Other information pulled from EA,,,,,,,,,
,877 Jeferson Ave,KMBS,B650i,AC74017702343,MEM08559,,,,10.211.202.19,Networked,*Only given ID + Room. Other information pulled from EA,Adams,Ground,,,,,,,
,877 Jeferson Ave,HP,LJ M601,CNCCF1F2RZ,MPS07020,,,,10.211.202.24,Networked,*Only given ID + Room. Other information pulled from EA,Adams,Ground,,,,,,,
,877 Jeferson Ave,HP,LJ 3015,VND3G07155,MPS07021,,,,10.211.202.25,Networked,*Only given ID + Room. Other information pulled from EA,Adams,Ground,,,,,,,
,877 Jeferson Ave,KMBS,B450i,AC76017007030,MEM08525,,,,10.211.202.29,Networked,*Only given ID + Room. Other information pulled from EA,Adams,Ground,,,,,,,
,877 Jeferson Ave,HP,LJ M401,VND3200511,MPS07039,20372,,20372,N/A,Local,,Adams,Ground,,,,,,,
,,HP,LJM401n,VNB3S16275,MEMP01211,,,,N/A,Local,*Not in EA,Adams,Ground,,,,,,,
,877 Jeferson Ave,HP,LJP2055DN,CNBJ550451,MPS07031,,,,10.211.210.19,Networked,*Only given ID + Room. Other information pulled from EA,Adams,Ground,,,,,,,
,877 Jeferson Ave,HP,LJ 3015,VND3G07154,MPS07032,,,,10.211.210.23,Networked,*Only given ID + Room. Other information pulled from EA,Adams,Ground,,,,,,,
,877 Jeferson Ave,HP,LJ M401,PHGDF43805,MPS07023,,,,10.211.202.34,Networked,,Adams,Ground,,,,,,,
,877 Jeferson Ave,HP,LJ M401,VNB3205661,MEMP01013,,,,10.211.58.212,Networked,*Only given ID + Room. Other information pulled from EA,,,,,,,,,
,877 Jeferson Ave,HP,LJ M401,PHGDF43814,MEMP01203,,,,10.211.58.13,Networked,*Only given ID + Room. Other information pulled from EA,Adams,1st,#A127,,,,,,
,877 Jeferson Ave,HP,LJ M401,VNB3205651,MEMP01229,63853,,63853,N/A,Local,,Adams,1st,#A142?,,,,,,
,877 Jeferson Ave,HP,LJ M601,CNCCF1F2SH,MPS07056,,,,10.211.58.171,Networked,*Only given ID + Room. Other information pulled from EA,Adams,1st,#A104,,,,,,
,877 Jeferson Ave,HP,LJ M401,VNG4S13293,MEMP01019,21649,,21649,N/A,Local,,Adams,1st,#A105,,,,,,
,877 Jeferson Ave,HP,LJ M401,PHGDG36047,MEMP01021,12570,,12570,N/A,Local,,Adams,1st,#A107,,,,,,
,877 Jeferson Ave,KYOCERA,FS 3920,XVJ9804762,MPS07057,,,,10.211.58.44,Networked,*Only given ID + Room. Other information pulled from EA,Adams,1st,#A108,,,,,,
,877 Jeferson Ave,HP,LJ M401,PHGDC55617,MEMP01018,32817,,32817,N/A,Local,,Adams,1st,#A110,,,,,,
,877 Jeferson Ave,HP,LJ M401,PHGDD15377,MEMP01015,,,,,,*Only given ID + Room. Other information pulled from EA,Adams,1st,#A115,,,,,,
,877 Jeferson Ave,HP,LJ M402,PHBHB03746,MPS07045,42412,,42412,N/A,Local,,Adams,1st,,,,,,,
,877 Jeferson Ave,HP,LJ 3015,VNB3R32719,MPS07046,,,,10.211.58.85,Networked,*Only given ID + Room. Other information pulled from EA,Adams,1st,#A176,,,,,,
,877 Jeferson Ave,KMBS,B300i,AC77013006312,MEM08553,,,,10.211.58.244,Networked,*Only given ID + Room. Other information pulled from EA,Adams,1st,#A177,,,,,,
,877 Jeferson Ave,HP,LJ 9040,JPRCD4B313,MPS07053,,,,10.211.58.49,Networked,*Only given ID + Room. Other information pulled from EA,Adams,1st,#A177,,,,,,
,877 Jeferson Ave,HP,E40040dn,PHBCG63851,MPS08581,9836,,9836,10.211.58.15,Networked,,Adams,1st,#A177,,,,,,
,877 Jeferson Ave,HP,LJM209DW,VND3B83203,MEMP01201,,,,N/A,Local,*Only given ID + Room. Other information pulled from EA,Adams,1st,#A182,,,,,,
,877 Jeferson Ave,HP,LJ M401,PHGDB42307,MEMP01012,57683,,57683,N/A,Local,,Adams,1st,#A185,,,,,,
,,,,,MEMP08545,,,,,,*Not in EA no SN provided,Adams,1st,Copy Room,,,,,,
,877 Jeferson Ave,HP,LJ M402,PHB5C09028,MPS07050,,,,10.211.58.158,Networked,*Only given ID + Room. Other information pulled from EA,Adams,1st,#A157,,,,,,
,877 Jeferson Ave,HP,LJ 3015,VNB3138745,MPS07030,,,,10.211.56.61,Networked,*Only given ID + Room. Other information pulled from EA,Adams,1st,#A161,,,,,,
,877 Jeferson Ave,HP,LJ M401,PHGDF61549,MPS07052,,,,10.211.58.18,Networked,*Only given ID + Room. Other information pulled from EA,Adams,1st,#A168,,,,,,
Jefferson,877 Jeferson Ave,HP,LJ M601,CNCCF1F2RQ,MPS04797,168054,,168054,10.211.66.10,Networked,,Adams,2nd,#A202,,,,,,
Jefferson,877 Jeferson Ave,HP,LJ M401,VNG4S16840,MEMP01226,823,,823,10.211.66.17,Networked,,Adams,2nd,#A200A,,,,,,
Jefferson,877 Jeferson Ave,HP,LJ M401,VNG4S12339,MPS04794,5682,,5682,10.211.64.71,Networked,,Adams,2nd,#A254,,,,,,
Jefferson,877 Jeferson Ave,HP,LJ M521,CNDKN416T7,MPS08233,28509,,28509,10.211.66.15,Networked,,Adams,2nd,HR/Front Desk,,,,,,
Jefferson,877 Jeferson Ave,HP,LJP2035,CNB9M05537,MEMP00190,8103,,8103,N/A,Local,,Adams,2nd,#A265/HR Business Partner,,,,,,
Jefferson,877 Jeferson Ave,HP,LJ M402,JPDBY10429,MEMP00188,23394,,23394,N/A,Local,,Adams,2nd,#1316,,,,,,
Jefferson,877 Jeferson Ave,HP,LJ M401,PHGDD15376,MEMP01220,31262,,31262,N/A,Local,,Adams,2nd,#1307,,,,,,
Jefferson,877 Jeferson Ave,HP,LJ M527,MXNCL8Q0YZ,MPS07545,61819,,61819,10.211.66.64,Networked,,Adams,2nd,,,,,,,
Jefferson,,HP,M477fnw,VNBKK58BGC,MPS08609,1142,1139,2281,N/A,Local,*Not in EA,Adams,2nd,#BB33,,,,,,
Jefferson,877 Jeferson Ave,HP,LJ M452,VNB3B10842,MPS04795,4868,22651,27519,10.211.66.13,Networked,,Adams,2nd,#A24 ?,,,,,,
Jefferson,877 Jeferson Ave,HP,LJ M401,PHGDC07298,MEMP00187,18163,,18163,N/A,Local,,Adams,2nd,#A244,,,,,,
Jefferson,877 Jeferson Ave,HP,LJ M402,PHB5C08974,MPS07029,316842,,316842,10.211.58.114,Networked,,Adams,1st,#A151,,,,,,
Jefferson,877 Jeferson Ave,HP,E40040dn,PHBCG15217,MPS08349,14375,,14375,10.211.58.10,Networked,,Adams,1st,#A159,,,,,,
Jefferson,877 Jeferson Ave,HP,LJ M404,PHBBK06098,MPS07790,,,,10.211.82.47,Networked,,Adams,1st,#A163,,,,,,
Jefferson,877 Jeferson Ave,HP,LJ M401,VNG4516826,MEMP01009,83654,,83654,N/A,Local,,Adams,1st,#A184,,,,,,
Jefferson,877 Jeferson Ave,HP,LJ M401,PHGDG15246,MPS07047,121410,,121410,10.211.58.134,Networked,,Adams,1st,#A180,,,,,,
Jefferson,877 Jeferson Ave,HP,LJP2015,CNBJM08174,MPS08608,46672,,46672,N/A,Local,*In EA as MEMP01020,Adams,1st,#A117,,,,,,
Jefferson,,HP,LJ4200,USGNS34631,MEMP01793,239139,,239139,N/A,Local,*Not in EA,Adams,1st,#A109,,,,,,
Jefferson,877 Jeferson Ave,HP,LJ 3015,VNB3138746,MPS07055,,,,10.211.56.25,Networked,,Adams,1st,#A134/Copy Room,,,,,,
Jefferson,877 Jeferson Ave,KMBS,B308E,AA6W011003926,MEM03380,,,,10.211.58.66,Networked,,Adams,1st,Accouting/Front Desk,,,,,,
Jefferson,877 Jeferson Ave,HP,LJ M402,PHBHJ87759,MEMP01016,29069,,29069,N/A,Local,,Adams,1st,#A106,,,,,,
Jefferson,877 Jeferson Ave,HP,LJ M451,CNDG110240,MPS07054,,,,10.211.58.87,Networked,,Adams,1st,#A134/Copy Room,,,,,,
Jefferson,877 Jeferson Ave,HP,LJP2055DN,CNBJ646848,MPS07009,,,,10.211.202.13,Networked,,Adams,Ground,#AG12/Financial Services,,,,,,
Jefferson,877 Jeferson Ave,HP,LJP2055DN,CNBJ646852,MPS07006,96865,,96865,10.211.202.26,Networked,,Adams,Ground,#AG12/Financial Services,,,,,,
Jefferson,877 Jeferson Ave,HP,LJP2055DN,CNBJ646833,MPS07007,76559,,76559,10.211.202.12,Networked,,Adams,Ground,#AG12/Financial Services,,,,,,
Jefferson,877 Jeferson Ave,HP,LJP2055DN,CNBJ646850,MPS07008,36049,,36049,10.211.202.20,Networked,,Adams,Ground,#AG12/Financial Services,,,,,,
Jefferson,877 Jeferson Ave,HP,LJP2055DN,CNBJ544270,MPS07010,139799,,139799,10.211.210.21,Networked,,Adams,Ground,#AG12/Financial Services,,,,,,
Jefferson,877 Jeferson Ave,HP,LJP2055DN,CNBJ646841,MPS07012,1435,,1435,10.211.210.16,Networked,,Adams,Ground,#AG12/Financial Services,,,,,,
Jefferson,877 Jeferson Ave,HP,LJP2055DN,CNBJ550450,MPS07051,45458,,45458,10.211.210.14,Networked,,Adams,Ground,#AG12/Financial Services,,,,,,
Jefferson,877 Jeferson Ave,HP,LJP2055DN,CNB9359969,MPS07011,19670,,19670,10.211.210.15,Networked,,Adams,Ground,#AG12/Financial Services,,,,,,
Jefferson,877 Jeferson Ave,HP,LJP2055DN,CNBJ544277,MPS07015,74647,,74647,10.211.210.13,Networked,,Adams,Ground,#AG12/Financial Services,,,,,,
Jefferson,877 Jeferson Ave,HP,LJP2055DN,CNBJ544284,MPS07016,,,,10.211.210.12,Networked,*Not Working,Adams,Ground,#AG12/Financial Services,,,,,,
Jefferson,877 Jeferson Ave,HP,LJP2055DN,CNBJ646835,MPS07013,106358,,106358,10.211.210.28,Networked,,Adams,Ground,#AG12/Financial Services,,,,,,
Jefferson,877 Jeferson Ave,HP,LJP2055DN,CNBJ646830,MPS07019,,,,10.211.202.21,Networked,,Adams,Ground,#AG12/Financial Services,,,,,,
Jefferson,877 Jeferson Ave,HP,LJP2055DN,CNB9359970,MPS07033,217116,,217116,10.211.202.23,Networked,,Adams,Ground,#AG12/Financial Services,,,,,,
Jefferson,877 Jeferson Ave,HP,LJP2055DN,CNBJ550449,MPS07018,1813,,1813,10.211.202.27,Networked,,Adams,Ground,#AG12/Financial Services,,,,,,
Jefferson,877 Jeferson Ave,HP,LJP2055DN,CNBJ646838,MPS07014,53878,,53878,10.211.202.38,Networked,,Adams,Ground,#AG12/Financial Services,,,,,,
Jefferson,877 Jeferson Ave,HP,LJ M401,VNB3205658,MEMP01001,59862,,59862,N/A,Local,,Adams,Ground,#AG09,,,,,,
Jefferson,877 Jeferson Ave,HP,LJP2055DN,CNB646844,MEMP01002,885,,885,N/A,Local,,Adams,Ground,#AG09,,,,,,
Jefferson,,HP,M521dn,,MPS13567,,,,N/A,Local,*Not in EA no SN provided,Adams,Ground,#AG12,,,,,,
Jefferson,877 Jeferson Ave,HP,E45028dn,VND3P03445,MPS08345,,,,10.211.50.10,Networked,,Adams,Ground,#AG03,,,,,,
Jefferson,877 Jeferson Ave,HP,LJ M401,VNG4615254,MEMP01008,15328,,15328,N/A,Local,,Adams,Ground,#AG70,,,,,,
Jefferson,877 Jeferson Ave,HP,LJ M281,VNBNM5W883,MPS07368,,,,N/A,Local,,Adams,Ground,#AG69,,,,,,
Jefferson,877 Jeferson Ave,HP,M506N,PHBGR89681,MPS07373,,,,10.211.42.146,Networked,,Adams,Ground,#AG69,,,,,,
Jefferson,877 Jeferson Ave,KMBS,C308,A7PY017010597,MEM03303,,,,10.211.42.55,Networked,,Adams,Ground,Hallway,,,,,,
Jefferson,877 Jeferson Ave,HP,LJ M401,PHGDG15265,MEMP01004,30813,,30813,N/A,Local,,Adams,Ground,#AG57,,,,,,
Jefferson,877 Jeferson Ave,HP,LJ M401,VNG3F58151,MPS07037,58709,,58709,10.211.42.10,Networked,,Adams,Ground,#AG43,,,,,,
Jefferson,877 Jeferson Ave,HP,LJ M527,MXNCL9N05L,MPS07551,46353,,46353,10.212.34.12,Networked,,Adams,Ground,Apps Team/IT Conference Room,,,,,,
Jefferson,877 Jeferson Ave,HP,LJ M479,MXBCN3M1YD,MPS08128,,,,10.211.42.192,Networked,,Adams,Ground,#AG33/Presidents Office,,,,,,
Jefferson,877 Jeferson Ave,HP,LJ M451,CNDF386240,MPS08100,1879,7855,9734,10.211.210.22,Networked,,Adams,Ground,,,,,,,
Jefferson,877 Jeferson Ave,HP,LJ M401,VNG4S16824,MPS07059,39448,,39448,10.211.34.13,Networked,,Adams,Ground,IT/Admin,,,,,,
Jefferson,877 Jeferson Ave,KMBS,C308,A7PY017010150,MEM03198,,,,10.211.34.10,Networked,,Adams,Ground,IT/Admin,,,,,,
Jefferson,877 Jeferson Ave,HP,LJ M401,VND3607158,MEMP01198,9110,,9110,10.211.218.11,Networked,,Adams,Basement,IT/Back Office,,,,,,
2500 Peres Ave,6555 Quince Rd,HP,LJ M402,PHB5C09039,MPS08028,25144,,25144,10.202.34.19,Networked,,,,Practice Manager Office,,,,,,
2500 Peres Ave,877 Jeferson Ave,HP,LJ M401,PHGDC55608,MEMP00196,41905,,41905,10.202.34.12,Networked,,,,Dr Malone Office,,,,,,
2500 Peres Ave,877 Jeferson Ave,HP,LJ M401,PHGDC07608,MPS07175,52731,,52731,10.202.34.17,Networked,,,,OBGYN Office,,,,,,
2500 Peres Ave,2500 Peres Ave,HP,LJ M527,MXNCL8Q0ZN,MPS07530,2522825,,2522825,10.202.34.15,Networked,,,,Nurse Station Front,,,,,,
2500 Peres Ave,2500 Peres Ave,HP,LJ M527,MXNCL8Q100,MPS07532,,,,10.202.34.11,Networked,,,,Nurse Station Rear,,,,,,
2500 Peres Ave,877 Jeferson Ave,HP,LJ M401,VND3607155,MEMP00174,39649,,39649,10.202.34.22,Networked,,,,Reception,,,,,,
2500 Peres Ave,2500 Peres Ave,KMBS,B308E,AA6W011004048,MEM03373,333604,,333604,10.202.34.13,Networked,,,,Reception Rear,,,,,,
2500 Peres Ave,877 Jeferson Ave,HP,LJ M401,PHGDB42320,MPS07231,152824,,152824,10.202.34.20,Networked,,,,Office Rear Right,,,,,,
2500 Peres Ave,877 Jeferson Ave,HP,LJ M402,JPBDY14493,MPS07172,45159,,45159,10.202.90.194,Networked,,,,Office Rear Left,,,,,,
2500 Peres Ave,2500 Peres Ave,HP,E62655DN,MXSCS4313Z,MPS08472,6361,,6361,10.202.34.11,Networked,,,,Nurse Station Rear,,,,,,
718 Harbor Bend Rd,718 Harbor Bend Rd,HP,E40040dn,PHBCG17758,MPS13589,14621,,14621,10.202.66.12,Networked,*In EA as MPS08358,,,Habor Office #5,,,,,,
718 Harbor Bend Rd,718 Harbor Bend Rd,HP,LJ M521,CNB7H56BW4,MPS08007,252741,,252741,10.202.66.105,Networked,,,,Habor Office #4,,,,,,
718 Harbor Bend Rd,718 Harbor Bend Rd,HP,HP LJ M607DN,CNBCLCM195,MPS08126,33686,,33686,10.202.66.106,Networked,,,,Habor Office #3,,,,,,
718 Harbor Bend Rd,718 Harbor Bend Rd,HP,LJ M521,CNB7GDY6ZY,MPS08006,419140,,419140,10.202.66.102,Networked,,,,Habor Office #2,,,,,,
718 Harbor Bend Rd,718 Harbor Bend Rd,HP,E62655DN,MXSCS430T8,MPS08477,1515,,1515,10.202.66.10,Networked,,,,Hall Copy,,,,,,
718 Harbor Bend Rd,718 Harbor Bend Rd,HP,LJ M401,PHGDF61546,MPS08008,54663,,54663,10.202.66.103,Networked,,,,Cabinet,,,,,,
